igralec,ekipa,passing_yards,passing_td,passing_att,passing_cmp,passing_int,sacks,rushing_yards,rushing_td,rushing_att,fumbles,receiving_yards,receiving_td,receptions,targets,def_interceptions,def_sacks,pozicija,starost,tekme
A'Shawn Robinson,CAR,0,0,0,0,0,0,0,0,0,0,0,0,0,0,0,0,DT,30,17
A.J. Brown,PHI,0,0,0,0,0,0,0,0,0,0,1003,7,78,121,0,0,WR,28,15
A.J. Epenesa,BUF,0,0,0,0,0,0,0,0,0,0,0,0,0,0,2,0,DE,27,16
A.J. Green,MIA,0,0,0,0,0,0,0,0,0,0,0,0,0,0,0,0,CB,27,3
AJ Barner,SEA,0,0,0,0,0,0,14,1,10,2,519,6,52,68,0,0,TE,23,17
AJ Cole III,LVR,0,0,0,0,0,0,0,0,0,0,0,0,0,0,0,0,P,30,17
AJ Dillon,PHI,0,0,0,0,0,0,60,0,12,1,21,0,3,3,0,0,RB,27,7
AJ Terrell,ATL,0,0,0,0,0,0,0,0,0,0,0,0,0,0,0,0,CB,27,15
Aaron Brewer,ARI,0,0,0,0,0,0,0,0,0,0,0,0,0,0,0,0,LS,35,17
Aaron Jones,MIN,0,0,0,0,0,0,548,2,132,2,199,1,28,41,0,0,RB,31,12
Aaron Rodgers,PIT,3322,24,498,327,7,29,61,1,21,4,-9,0,1,1,0,0,QB,42,16
Abdul Carter,NYG,0,0,0,0,0,0,0,0,0,0,0,0,0,0,0,0,OLB,22,17
Adam Butler,LVR,0,0,0,0,0,0,0,0,0,0,0,0,0,0,0,0,DT,31,15
Adam Prentice,DEN,0,0,0,0,0,0,44,0,10,0,53,0,6,8,0,0,FB,28,17
Adam Thielen,2TM,0,0,0,0,0,0,0,0,0,0,186,0,19,35,0,0,WR,35,16
Adam Trautman,DEN,0,0,0,0,0,0,0,0,0,0,195,1,20,23,0,0,TE,28,17
Adetomiwa Adebawore,IND,0,0,0,0,0,0,0,0,0,0,0,0,0,0,0,0,DT,24,17
Adin Huntington,CLE,0,0,0,0,0,0,0,0,0,0,0,0,0,0,0,0,DT,23,13
Adonai Mitchell,2TM,0,0,0,0,0,0,-4,0,1,1,453,2,33,74,0,0,WR,23,16
Adonai Mitchell,IND,0,0,0,0,0,0,0,0,0,0,0,0,0,0,0,0,WR,23,8
Adoree' Jackson,PHI,0,0,0,0,0,0,0,0,0,0,0,0,0,0,1,0,CB,30,14
Adrian Martinez,SFO,0,0,0,0,0,0,-1,0,1,0,0,0,0,0,0,0,QB,25,1
Aeneas Peebles,BAL,0,0,0,0,0,0,0,0,0,0,0,0,0,0,0,0,DT,24,6
Ahkello Witherspoon,LAR,0,0,0,0,0,0,0,0,0,0,0,0,0,0,1,0,CB,30,6
Aidan Hutchinson,DET,0,0,0,0,0,0,0,0,0,0,0,0,0,0,1,0,DE,25,17
Aidan O'Connell,LVR,102,0,22,10,0,1,7,0,1,0,0,0,0,0,0,0,QB,27,1
Akayleb Evans,CAR,0,0,0,0,0,0,0,0,0,0,0,0,0,0,0,0,CB,26,16
Akeem Davis-Gaither,ARI,0,0,0,0,0,0,0,0,0,0,0,0,0,0,1,0,LB,28,17
Al-Quadin Muhammad,DET,0,0,0,0,0,0,0,0,0,0,0,0,0,0,0,0,DE,30,17
Albert Okwuegbunam,LVR,0,0,0,0,0,0,0,0,0,0,36,0,5,6,0,0,TE,27,1
Ale Kaho,WAS,0,0,0,0,0,0,0,0,0,0,0,0,0,0,0,0,LB,25,8
Alec Ingold,MIA,0,0,0,0,0,0,9,0,2,0,52,0,8,11,0,0,FB,29,17
Alec Pierce,IND,0,0,0,0,0,0,0,0,0,0,1003,6,47,84,0,0,WR,25,15
Alex Anzalone,DET,0,0,0,0,0,0,0,0,0,0,0,0,0,0,1,0,LB,31,16
Alex Austin,NWE,0,0,0,0,0,0,0,0,0,0,0,0,0,0,0,0,CB,24,12
Alex Bachman,LVR,0,0,0,0,0,0,0,0,0,1,12,0,2,3,0,0,WR,29,13
Alex Cappa,LVR,0,0,0,0,0,0,0,0,0,0,0,0,0,1,0,0,G,30,17
Alex Highsmith,PIT,0,0,0,0,0,0,0,0,0,0,0,0,0,0,0,0,LB,28,13
Alex Singleton,DEN,0,0,0,0,0,0,0,0,0,0,0,0,0,0,0,0,LB,32,16
Alex Ward,LAR,0,0,0,0,0,0,0,0,0,0,0,0,0,0,0,0,LS,26,8
Alex Wright,CLE,0,0,0,0,0,0,0,0,0,0,0,0,0,0,0,0,DE,25,14
Alfred Collins,SFO,0,0,0,0,0,0,0,0,0,0,0,0,0,0,0,0,DT,24,16
Ali Gaye,TEN,0,0,0,0,0,0,0,0,0,0,0,0,0,0,0,0,OLB,27,3
Alijah Clark,DAL,0,0,0,0,0,0,0,0,0,0,0,0,0,0,0,0,DB,22,11
Alijah Huzzie,HOU,0,0,0,0,0,0,0,0,0,0,0,0,0,0,1,0,CB,24,2
Alim McNeill,DET,0,0,0,0,0,0,0,0,0,0,0,0,0,0,0,0,DL,25,10
Allen Lazard,NYJ,0,0,0,0,0,0,0,0,0,0,70,1,10,18,0,0,WR,30,10
Alohi Gilman,2TM,0,0,0,0,0,0,0,0,0,0,0,0,0,0,0,0,S,28,17
Alontae Taylor,NOR,0,0,0,0,0,0,0,0,0,0,0,0,0,0,2,0,CB,27,17
Alvin Kamara,NOR,0,0,0,0,0,0,471,1,131,2,186,0,33,39,0,0,RB,30,11
Amani Hooker,TEN,0,0,0,0,0,0,0,0,0,0,0,0,0,0,0,0,S,27,16
Amani Oruwariye,BAL,0,0,0,0,0,0,0,0,0,0,0,0,0,0,0,0,CB,29,1
Amar Johnson,LAC,0,0,0,0,0,0,8,0,2,0,0,0,0,1,0,0,RB,22,2
Amarius Mims,CIN,0,0,0,0,0,0,0,0,0,0,0,0,0,0,0,0,OT,23,17
Ameer Abdullah,IND,0,0,0,0,0,0,60,1,14,1,99,0,16,17,0,0,RB,32,13
Ameer Speed,HOU,0,0,0,0,0,0,0,0,0,0,0,0,0,0,0,0,CB,26,2
Amen Ogbongbemiga,CHI,0,0,0,0,0,0,0,0,0,0,0,0,0,0,0,0,LB,27,8
Amik Robertson,DET,0,0,0,0,0,0,0,0,0,0,0,0,0,0,1,0,CB,27,17
Amon-Ra St. Brown,DET,0,0,0,0,0,0,9,0,3,1,1401,11,117,172,0,0,WR,26,17
Andre Baccellia,ARI,0,0,0,0,0,0,0,0,0,0,8,0,2,4,0,0,WR,28,5
Andre Cisco,NYJ,0,0,0,0,0,0,0,0,0,0,0,0,0,0,0,0,S,25,8
Andre Jones,BUF,0,0,0,0,0,0,0,0,0,0,0,0,0,0,0,0,DE,27,3
Andre Szmyt,CLE,0,0,0,0,0,0,0,0,0,0,0,0,0,0,0,0,K,27,17
Andre' Sam,PHI,0,0,0,0,0,0,0,0,0,0,0,0,0,0,0,0,S,26,3
Andrei Iosivas,CIN,0,0,0,0,0,0,14,0,3,0,435,2,33,58,0,0,WR,26,17
Andres Borregales,NWE,0,0,0,0,0,0,0,0,0,0,0,0,0,0,0,0,K,22,17
Andrew Beck,NYJ,0,0,0,0,0,0,5,0,1,0,45,2,6,9,0,0,FB,29,17
Andrew Billings,CHI,0,0,0,0,0,0,0,0,0,0,0,0,0,0,0,0,DL,30,17
Andrew DePaola,MIN,0,0,0,0,0,0,0,0,0,0,0,0,0,0,0,0,LS,38,17
Andrew Mukuba,PHI,0,0,0,0,0,0,0,0,0,0,0,0,0,0,2,0,S,23,11
Andrew Ogletree,IND,0,0,0,0,0,0,0,0,0,0,27,1,4,6,0,0,TE,27,15
Andrew Thomas,NYG,0,0,0,0,0,0,0,0,0,0,0,0,0,0,0,0,T,26,13
Andrew Van Ginkel,MIN,0,0,0,0,0,0,0,0,0,0,0,0,0,0,1,0,OLB,30,12
Andrew Wingard,JAX,0,0,0,0,0,0,0,0,0,0,0,0,0,0,1,0,S,29,16
Andru Phillips,NYG,0,0,0,0,0,0,0,0,0,0,0,0,0,0,2,0,CB,24,17
Andy Dalton,CAR,293,1,37,25,1,8,-2,0,5,2,0,0,0,0,0,0,QB,38,4
Anfernee Jennings,NWE,0,0,0,0,0,0,0,0,0,0,0,0,0,0,0,0,LB,28,14
Anthony Firkser,DET,0,0,0,0,0,0,0,0,0,0,53,0,8,10,0,0,TE,30,7
Anthony Goodlow,ARI,0,0,0,0,0,0,0,0,0,0,0,0,0,0,0,0,DL,25,3
Anthony Gould,IND,0,0,0,0,0,0,0,0,0,0,6,0,2,2,0,0,WR,24,11
Anthony Nelson,TAM,0,0,0,0,0,0,0,0,0,0,0,0,0,0,1,0,OLB,28,15
Anthony Pittman,DET,0,0,0,0,0,0,0,0,0,0,0,0,0,0,0,0,LB,29,1
Anthony Richardson,IND,9,0,2,1,0,0,-1,0,4,0,9,0,1,1,0,0,QB,23,2
Antoine Winfield Jr.,TAM,0,0,0,0,0,0,0,0,0,0,0,0,0,0,2,0,S,27,17
Anton Harrison,JAX,0,0,0,0,0,0,0,0,0,0,0,0,0,0,0,0,OL,23,15
Antonio Gibson,NWE,0,0,0,0,0,0,106,1,25,2,6,0,2,3,0,0,RB,27,5
Antonio Hamilton,WAS,0,0,0,0,0,0,0,0,0,0,0,0,0,0,0,0,CB,32,15
Antonio Johnson,JAX,0,0,0,0,0,0,0,0,0,0,0,0,0,0,5,0,S,24,17
Ar'Darius Washington,BAL,0,0,0,0,0,0,0,0,0,0,0,0,0,0,0,0,S,26,4
Arden Key,TEN,0,0,0,0,0,0,0,0,0,0,0,0,0,0,0,0,OLB,29,12
Arian Smith,NYJ,0,0,0,0,0,0,13,0,4,0,52,0,7,16,0,0,WR,24,16
Arik Armstead,JAX,0,0,0,0,0,0,0,0,0,0,0,0,0,0,0,0,DT,32,16
Arnold Ebiketie,ATL,0,0,0,0,0,0,0,0,0,0,0,0,0,0,0,0,DE,26,17
Arron Mosby,GNB,0,0,0,0,0,0,0,0,0,0,0,0,0,0,0,0,DL,26,12
Art Green,NYG,0,0,0,0,0,0,0,0,0,0,0,0,0,0,0,0,CB,25,11
Arthur Maulet,DET,0,0,0,0,0,0,0,0,0,0,0,0,0,0,1,0,CB,32,9
Asante Samuel Jr.,PIT,0,0,0,0,0,0,0,0,0,0,0,0,0,0,1,0,CB,26,6
Ashton Dulin,IND,0,0,0,0,0,0,44,0,3,0,106,0,5,10,0,0,WR,28,12
Ashton Gillotte,KAN,0,0,0,0,0,0,0,0,0,0,0,0,0,0,1,0,DE,23,17
Ashton Jeanty,LVR,0,0,0,0,0,0,975,5,266,2,346,5,55,73,0,0,RB,22,17
Ashtyn Davis,MIA,0,0,0,0,0,0,0,0,0,0,0,0,0,0,1,0,S,29,15
Audric Estime,NOR,0,0,0,0,0,0,198,1,46,0,103,0,12,13,0,0,RB,22,7
Austin Ajiake,IND,0,0,0,0,0,0,0,0,0,0,0,0,0,0,0,0,LB,25,16
Austin Booker,CHI,0,0,0,0,0,0,0,0,0,0,0,0,0,0,0,0,DL,23,10
Austin Brinkman,HOU,0,0,0,0,0,0,0,0,0,0,0,0,0,0,0,0,LS,23,17
Austin Corbett,CAR,0,0,0,0,0,0,0,0,0,0,0,0,0,0,0,0,OG,30,13
Austin Ekeler,WAS,0,0,0,0,0,0,43,0,14,0,38,0,5,7,0,0,RB,30,2
Austin Hooper,NWE,0,0,0,0,0,0,0,0,0,0,263,2,21,26,0,0,TE,31,16
Austin Johnson,JAX,0,0,0,0,0,0,0,0,0,0,0,0,0,0,0,0,DT,31,14
Austin Keys,MIN,0,0,0,0,0,0,0,0,0,0,0,0,0,0,0,0,LB,23,11
Austin McNamara,NYJ,3,0,1,1,0,0,0,0,0,0,0,0,0,0,0,0,P,24,17
Austin Trammell,JAX,0,0,0,0,0,0,0,0,0,0,46,0,3,10,0,0,WR,27,6
Avonte Maddox,DET,0,0,0,0,0,0,0,0,0,0,0,0,0,0,1,0,CB,29,14
Azareye'h Thomas,NYJ,0,0,0,0,0,0,0,0,0,0,0,0,0,0,0,0,CB,21,12
Azeez Al-Shaair,HOU,0,0,0,0,0,0,0,0,0,0,0,0,0,0,2,0,LB,28,16
Azeez Ojulari,PHI,0,0,0,0,0,0,0,0,0,0,0,0,0,0,0,0,OLB,25,3
B.J. Green,JAX,0,0,0,0,0,0,0,0,0,0,0,0,0,0,0,0,DL,22,14
B.J. Hill,CIN,0,0,0,0,0,0,0,0,0,0,0,0,0,0,0,0,DT,30,17
BJ Ojulari,ARI,0,0,0,0,0,0,0,0,0,0,0,0,0,0,0,0,OLB,23,8
Baker Mayfield,TAM,3693,26,543,343,11,36,382,1,55,11,0,0,0,0,0,0,QB,30,17
Bam Martin-Scott,CAR,0,0,0,0,0,0,0,0,0,0,0,0,0,0,0,0,LB,25,17
Baron Browning,ARI,0,0,0,0,0,0,0,0,0,0,0,0,0,0,1,0,OLB,26,15
Barrett Carter,CIN,0,0,0,0,0,0,0,0,0,0,0,0,0,0,1,0,LB,23,17
Barryn Sorrell,GNB,0,0,0,0,0,0,0,0,0,0,0,0,0,0,0,0,DL,23,14
Baylon Spector,BUF,0,0,0,0,0,0,0,0,0,0,0,0,0,0,0,0,LB,27,3
Beau Brade,NYG,0,0,0,0,0,0,0,0,0,0,0,0,0,0,0,0,S,23,15
Beaux Collins,NYG,0,0,0,0,0,0,0,0,0,0,25,0,2,6,0,0,WR,23,9
Ben Sims,MIN,0,0,0,0,0,0,0,0,0,0,30,0,3,6,0,0,TE,25,8
Ben Sinnott,WAS,0,0,0,0,0,0,0,0,0,0,114,1,11,13,0,0,TE,23,16
Ben Skowronek,PIT,0,0,0,0,0,0,0,0,0,0,69,1,4,6,0,0,WR,28,17
Ben Yurosek,MIN,0,0,0,0,0,0,0,0,0,0,14,0,2,3,0,0,TE,23,12
Benito Jones,MIA,0,0,0,0,0,0,0,0,0,0,0,0,0,0,0,0,DT,28,14
Benjamin Morrison,TAM,0,0,0,0,0,0,0,0,0,0,0,0,0,0,0,0,CB,21,10
Benjamin St-Juste,LAC,0,0,0,0,0,0,0,0,0,0,0,0,0,0,1,0,CB,28,16
Bernhard Raimann,IND,0,0,0,0,0,0,0,0,0,0,0,0,0,1,0,0,T,28,16
Bhayshul Tuten,JAX,0,0,0,0,0,0,307,5,83,2,79,2,10,14,0,0,RB,22,15
Bijan Robinson,ATL,0,0,0,0,0,0,1478,7,287,4,820,4,79,103,0,0,RB,23,17
Bilal Nichols,ARI,0,0,0,0,0,0,0,0,0,0,0,0,0,0,0,0,DL,29,4
Billy Bowman,ATL,0,0,0,0,0,0,0,0,0,0,0,0,0,0,1,0,DB,22,6
Blake Brandel,MIN,0,0,0,0,0,0,0,0,0,0,0,0,0,0,0,0,G,28,17
Blake Cashman,MIN,0,0,0,0,0,0,0,0,0,0,0,0,0,0,0,0,LB,29,13
Blake Corum,LAR,0,0,0,0,0,0,746,6,145,0,36,0,8,14,0,0,RB,25,17
Blake Grupe,NOR,0,0,0,0,0,0,0,0,0,0,0,0,0,0,0,0,K,27,11
Blake Whiteheart,CLE,0,0,0,0,0,0,0,0,0,1,4,0,2,6,0,0,TE,25,17
Bo Melton,GNB,0,0,0,0,0,0,35,0,5,0,107,1,4,13,0,0,CB,26,16
Bo Nix,DEN,3931,25,612,388,11,22,356,5,83,4,0,0,0,1,0,0,QB,25,17
Bo Richter,MIN,0,0,0,0,0,0,0,0,0,0,0,0,0,0,0,0,OLB,25,17
Bobby Brown,CAR,0,0,0,0,0,0,0,0,0,0,0,0,0,0,0,0,NT,25,17
Bobby Okereke,NYG,0,0,0,0,0,0,0,0,0,0,0,0,0,0,2,0,LB,29,17
Bobby Wagner,WAS,0,0,0,0,0,0,0,0,0,0,0,0,0,0,2,0,MLB,35,17
Boogie Basham,CAR,0,0,0,0,0,0,0,0,0,0,0,0,0,0,0,0,OLB,28,3
Boye Mafe,SEA,0,0,0,0,0,0,0,0,0,0,0,0,0,0,0,0,LB,27,17
Braden Fiske,LAR,0,0,0,0,0,0,0,0,0,0,0,0,0,0,0,0,DE,25,17
Braden Mann,PHI,0,0,0,0,0,0,-34,0,1,0,0,0,0,0,0,0,P,28,17
Bradley Chubb,MIA,0,0,0,0,0,0,0,0,0,0,0,0,0,0,0,0,LB/OLB,29,17
Bradley Pinion,ATL,0,0,0,0,0,0,0,0,0,0,0,0,0,0,0,0,P,31,17
Brady Cook,NYJ,739,2,153,88,7,19,49,0,13,3,0,0,0,0,0,0,QB,24,5
Brady Russell,SEA,0,0,0,0,0,0,0,0,0,0,0,0,0,1,0,0,FB,27,17
Bradyn Swinson,NWE,0,0,0,0,0,0,0,0,0,0,0,0,0,0,0,0,LB,23,3
Braelon Allen,NYJ,0,0,0,0,0,0,76,1,18,1,17,0,2,3,0,0,RB,21,4
Braiden McGregor,NYJ,0,0,0,0,0,0,0,0,0,0,0,0,0,0,0,0,DE,24,12
Bralyn Lux,CIN,0,0,0,0,0,0,0,0,0,0,0,0,0,0,0,0,CB,25,2
Brandin Cooks,2TM,0,0,0,0,0,0,0,0,0,0,279,0,24,36,0,0,WR,32,15
Brandin Echols,PIT,0,0,0,0,0,0,0,0,0,0,0,0,0,0,2,0,CB,28,16
Brandon Allen,TEN,72,0,30,17,1,1,0,0,0,0,0,0,0,0,0,0,QB,33,1
Brandon Aubrey,DAL,0,0,0,0,0,0,6,0,1,0,0,0,0,0,0,0,K,30,17
Brandon Codrington,BUF,0,0,0,0,0,0,0,0,0,0,0,0,0,0,0,0,CB,25,4
Brandon Dorlus,ATL,0,0,0,0,0,0,0,0,0,0,0,0,0,0,0,0,DT,24,15
Brandon Graham,PHI,0,0,0,0,0,0,0,0,0,0,0,0,0,0,0,0,DE,37,9
Brandon Johnson,PHI,0,0,0,0,0,0,0,0,0,0,0,0,0,0,0,0,DB,22,3
Brandon Jones,DEN,0,0,0,0,0,0,0,0,0,0,0,0,0,0,1,0,S,27,14
Brandon McManus,GNB,0,0,0,0,0,0,0,0,0,0,0,0,0,0,0,0,K,34,14
Brandon Pili,SEA,0,0,0,0,0,0,0,0,0,0,0,0,0,0,0,0,NT,26,13
Brandon Stephens,NYJ,0,0,0,0,0,0,0,0,0,0,0,0,0,0,0,0,CB,28,16
Branson Combs,JAX,0,0,0,0,0,0,0,0,0,0,0,0,0,0,0,0,LB,25,10
Brashard Smith,KAN,0,0,0,0,0,0,151,0,44,1,172,1,25,35,0,0,RB,22,17
Braxton Berrios,HOU,0,0,0,0,0,0,0,0,0,0,37,0,6,8,0,0,WR,30,4
Brayden Willis,SFO,0,0,0,0,0,0,0,0,0,0,0,0,0,1,0,0,TE,26,6
Breece Hall,NYJ,4,1,1,1,0,0,1065,4,243,2,350,1,36,48,0,0,RB,24,16
Brenden Bates,2TM,0,0,0,0,0,0,0,0,0,0,48,0,4,5,0,0,TE,26,9
Brenden Schooler,NWE,0,0,0,0,0,0,0,0,0,0,0,0,0,0,0,0,S,28,16
Brennan Jackson,LVR,0,0,0,0,0,0,0,0,0,0,0,0,0,0,0,0,OLB,25,3
Brent Urban,BAL,0,0,0,0,0,0,0,0,0,0,0,0,0,0,0,0,DL,34,15
Brenton Cox,GNB,0,0,0,0,0,0,0,0,0,0,0,0,0,0,0,0,DL,25,4
Brenton Strange,JAX,0,0,0,0,0,0,0,0,0,0,540,3,46,60,0,0,TE,25,12
Brett Rypien,CIN,0,0,0,0,0,1,0,0,0,0,0,0,0,0,0,0,QB,29,1
Brevyn Spann-Ford,DAL,0,0,0,0,0,0,0,0,0,0,90,1,9,13,0,0,TE,26,17
Brian Branch,DET,0,0,0,0,0,0,0,0,0,0,0,0,0,0,0,0,DB,24,12
Brian Burns,NYG,0,0,0,0,0,0,0,0,0,0,0,0,0,0,0,0,OLB,27,17
Brian Robinson Jr.,SFO,0,0,0,0,0,0,400,2,92,0,25,0,8,12,0,0,RB,26,17
Brian Thomas,JAX,0,0,0,0,0,0,21,1,3,0,707,2,48,91,0,0,WR,23,14
Britain Covey,PHI,0,0,0,0,0,0,0,0,0,2,20,0,2,4,0,0,WR,28,6
British Brooks,HOU,0,0,0,0,0,0,78,0,17,0,0,0,0,0,0,0,RB,26,15
Brittain Brown,CHI,0,0,0,0,0,0,37,1,5,0,0,0,0,1,0,0,RB,28,3
Brock Bowers,LVR,0,0,0,0,0,0,2,0,2,0,680,7,64,86,0,0,TE,23,12
Brock Hoffman,DAL,0,0,0,0,0,0,0,0,0,0,0,0,0,0,0,0,C,26,17
Brock Purdy,SFO,2167,20,284,197,10,11,147,3,33,3,0,0,0,0,0,0,QB,26,9
Brock Wright,DET,0,0,0,0,0,0,0,0,0,0,108,2,14,22,0,0,TE,27,11
Broderick Jones,PIT,0,0,0,0,0,0,0,0,0,0,0,0,0,0,0,0,OT,24,11
Broderick Washington Jr.,BAL,0,0,0,0,0,0,0,0,0,0,0,0,0,0,0,0,DL,29,3
Bryan Bresee,NOR,0,0,0,0,0,0,0,0,0,0,0,0,0,0,0,0,DT,24,15
Bryan Cook,KAN,0,0,0,0,0,0,0,0,0,0,0,0,0,0,0,0,S,26,17
Bryce Huff,SFO,0,0,0,0,0,0,0,0,0,0,0,0,0,0,0,0,DL,27,15
Bryce Oliver,TEN,0,0,0,0,0,0,0,0,0,0,8,0,1,1,0,0,WR,25,3
Bryce Young,CAR,3011,23,478,304,11,27,216,2,54,7,0,0,0,0,0,0,QB,24,16
Brycen Tremayne,CAR,0,0,0,0,0,0,0,0,0,1,160,0,14,18,0,0,WR,26,16
Bucky Irving,TAM,0,0,0,0,0,0,588,1,173,1,277,3,30,35,0,0,RB,23,10
Bud Dupree,LAC,0,0,0,0,0,0,0,0,0,0,0,0,0,0,0,0,OLB,32,16
Budda Baker,ARI,0,0,0,0,0,0,0,0,0,0,0,0,0,0,1,0,S,29,16
Buddy Johnson,IND,0,0,0,0,0,0,0,0,0,0,0,0,0,0,0,0,LB,26,12
Byron Murphy,MIN,0,0,0,0,0,0,0,0,0,0,0,0,0,0,2,0,CB,27,17
Byron Murphy,SEA,0,0,0,0,0,0,0,0,0,0,0,0,0,0,0,0,DT,23,17
Byron Young,LAR,0,0,0,0,0,0,0,0,0,0,0,0,0,0,0,0,OLB,27,17
Byron Young,PHI,0,0,0,0,0,0,0,0,0,0,0,0,0,0,0,0,DT,25,17
C.J. Brewer,TAM,0,0,0,0,0,0,0,0,0,0,0,0,0,0,0,0,DT,28,5
C.J. Gardner-Johnson,2TM,0,0,0,0,0,0,0,0,0,0,0,0,0,0,2,0,S,28,13
C.J. Goodwin,DAL,0,0,0,0,0,0,0,0,0,0,0,0,0,0,0,0,CB,35,17
C.J. Ham,MIN,0,0,0,0,0,0,5,2,3,0,11,0,2,2,0,0,FB,32,11
C.J. Henderson,ATL,0,0,0,0,0,0,0,0,0,0,0,0,0,0,1,0,CB,27,4
C.J. Ravenell,TEN,0,0,0,0,0,0,0,0,0,0,0,0,0,0,0,0,DL,25,14
C.J. Stroud,HOU,3041,19,423,273,8,23,209,1,48,2,0,0,0,0,0,0,QB,24,14
CJ Okoye,BAL,0,0,0,0,0,0,0,0,0,0,0,0,0,0,0,0,DL,24,13
CJ West,SFO,0,0,0,0,0,0,0,0,0,0,0,0,0,0,0,0,DT,23,14
Cade Otton,TAM,0,0,0,0,0,0,0,0,0,0,572,1,59,81,0,0,TE,26,16
Cade Stover,HOU,0,0,0,0,0,0,3,0,4,0,76,0,12,16,0,0,TE,25,9
Caelen Carson,DAL,0,0,0,0,0,0,0,0,0,0,0,0,0,0,0,0,CB,23,8
Cal Adomitis,PHI,0,0,0,0,0,0,0,0,0,0,0,0,0,0,0,0,LS,27,9
Calais Campbell,ARI,0,0,0,0,0,0,0,0,0,0,0,0,0,0,0,0,DL,39,17
Caleb Johnson,MIA,0,0,0,0,0,0,0,0,0,0,0,0,0,0,0,0,LB,27,2
Caleb Murphy,2TM,0,0,0,0,0,0,0,0,0,0,0,0,0,0,0,0,LB,26,11
Caleb Williams,CHI,3942,27,568,330,7,24,388,3,77,9,22,1,2,2,0,0,QB,24,17
Calen Bullock,HOU,0,0,0,0,0,0,0,0,0,0,0,0,0,0,4,0,S,22,17
Calijah Kancey,TAM,0,0,0,0,0,0,0,0,0,0,0,0,0,0,0,0,DL,24,3
Calvin Austin III,PIT,0,0,0,0,0,0,0,0,0,0,372,3,31,55,0,0,WR,26,14
Calvin Ridley,TEN,0,0,0,0,0,0,0,0,0,0,303,0,17,36,0,0,WR,31,7
Cam Akers,MIN,32,1,1,1,0,0,19,0,5,0,0,0,0,1,0,0,RB,26,3
Cam Grandy,CIN,0,0,0,0,0,0,0,0,0,1,7,0,2,2,0,0,TE,25,5
Cam Hart,LAC,0,0,0,0,0,0,0,0,0,0,0,0,0,0,1,0,CB,25,16
Cam Jackson,CAR,0,0,0,0,0,0,0,0,0,0,0,0,0,0,0,0,DT,23,9
Cam Jones,NYJ,0,0,0,0,0,0,0,0,0,0,0,0,0,0,0,0,LB,26,10
Cam Jurgens,PHI,0,0,0,0,0,0,0,0,0,0,0,0,0,0,0,0,OL,26,14
Cam Little,JAX,0,0,0,0,0,0,0,0,0,0,0,0,0,0,0,0,K,22,17
Cam Skattebo,NYG,0,0,0,0,0,0,410,5,101,1,207,2,24,32,0,0,RB,23,8
Cam Taylor-Britt,CIN,0,0,0,0,0,0,0,0,0,0,0,0,0,0,0,0,CB,26,8
Cam Ward,TEN,3169,15,540,323,7,55,159,2,39,11,0,0,0,0,0,0,QB,23,17
Cam'Ron Silmon-Craig,JAX,0,0,0,0,0,0,0,0,0,0,0,0,0,0,0,0,DB,23,3
Cameron Dicker,LAC,0,0,0,0,0,0,0,0,0,0,0,0,0,0,0,0,K,25,17
Cameron Goode,MIA,0,0,0,0,0,0,0,0,0,0,0,0,0,0,0,0,LB,27,17
Cameron Heyward,PIT,0,0,0,0,0,0,0,0,0,0,0,0,0,0,0,0,DT,36,17
Cameron Jordan,NOR,0,0,0,0,0,0,0,0,0,0,0,0,0,0,0,0,DE,36,17
Cameron Latu,PHI,0,0,0,0,0,0,0,0,0,0,0,0,0,0,0,0,TE,25,15
Cameron Lewis,BUF,0,0,0,0,0,0,0,0,0,0,0,0,0,0,0,0,DB,28,17
Cameron McGrone,IND,0,0,0,0,0,0,0,0,0,0,0,0,0,0,0,0,LB,25,4
Cameron Mitchell,2TM,0,0,0,0,0,0,0,0,0,0,0,0,0,0,0,0,CB,24,10
Cameron Sample,CIN,0,0,0,0,0,0,0,0,0,0,0,0,0,0,0,0,DE,26,14
Cameron Thomas,CLE,0,0,0,0,0,0,0,0,0,0,0,0,0,0,0,0,DE,25,17
Camryn Bynum,IND,0,0,0,0,0,0,0,0,0,0,0,0,0,0,4,0,S,27,17
Carl Granderson,NOR,0,0,0,0,0,0,0,0,0,0,0,0,0,0,1,0,DE,29,17
Carl Jones,2TM,0,0,0,0,0,0,0,0,0,0,0,0,0,0,0,0,LB,24,13
Carl Lawson,BAL,0,0,0,0,0,0,0,0,0,0,0,0,0,0,0,0,DE,30,1
Carlton Davis,NWE,0,0,0,0,0,0,0,0,0,0,0,0,0,0,0,0,CB,29,17
Carrington Valentine,GNB,0,0,0,0,0,0,0,0,0,0,0,0,0,0,0,0,CB,24,17
Carson Bruener,PIT,0,0,0,0,0,0,0,0,0,0,0,0,0,0,0,0,LB,24,17
Carson Schwesinger,CLE,0,0,0,0,0,0,0,0,0,0,0,0,0,0,2,0,LB,22,16
Carson Wentz,MIN,1216,6,169,110,5,19,57,0,11,3,0,0,0,0,0,0,QB,33,5
Carter Runyon,LVR,0,0,0,0,0,0,0,0,0,0,3,0,1,1,0,0,TE,24,13
Casey Washington,ATL,0,0,0,0,0,0,0,0,0,0,94,0,6,14,0,0,WR,24,7
Cedric Gray,TEN,0,0,0,0,0,0,0,0,0,0,0,0,0,0,0,0,LB,23,16
Cedric Johnson,CIN,0,0,0,0,0,0,0,0,0,0,0,0,0,0,0,0,DE,23,9
Cedric Tillman,CLE,0,0,0,0,0,0,0,0,0,0,270,2,21,39,0,0,WR,25,13
Cedrick Wilson Jr.,MIA,0,0,0,0,0,0,0,0,0,0,44,0,5,9,0,0,WR,30,10
CeeDee Lamb,DAL,0,0,0,0,0,0,2,0,1,0,1077,3,75,117,0,0,WR,26,14
Cesar Ruiz,NOR,0,0,0,0,0,0,0,0,0,0,0,0,0,0,0,0,OL,26,14
Chad Muma,2TM,0,0,0,0,0,0,0,0,0,0,0,0,0,0,0,0,LB,26,8
Chamarri Conner,KAN,0,0,0,0,0,0,0,0,0,0,0,0,0,0,1,0,DB,25,17
Chandler Martin,BAL,0,0,0,0,0,0,0,0,0,0,0,0,0,0,0,0,LB,23,3
Channing Tindall,ARI,0,0,0,0,0,0,0,0,0,0,0,0,0,0,0,0,LB,25,7
Charles Omenihu,KAN,0,0,0,0,0,0,0,0,0,0,0,0,0,0,0,0,DE,28,17
Charles Snowden,LVR,0,0,0,0,0,0,0,0,0,0,0,0,0,0,1,0,DE,27,15
Charles Woods,NWE,0,0,0,0,0,0,0,0,0,0,0,0,0,0,0,0,CB,25,15
Charley Hughlett,PHI,0,0,0,0,0,0,0,0,0,0,0,0,0,0,0,0,LS,35,8
Charlie Jones,CIN,0,0,0,0,0,0,0,0,0,0,0,0,0,1,0,0,WR,27,14
Charlie Kolar,BAL,0,0,0,0,0,0,0,0,0,0,142,2,10,15,0,0,TE,26,17
Charlie Woerner,ATL,0,0,0,0,0,0,0,0,0,0,48,0,8,9,0,0,TE,28,17
Charvarius Ward,IND,0,0,0,0,0,0,0,0,0,0,0,0,0,0,0,0,CB,29,7
Chase Brown,CIN,0,0,0,0,0,0,1019,6,232,2,437,5,69,88,0,0,RB,25,17
Chase Lucas,SFO,0,0,0,0,0,0,0,0,0,0,0,0,0,0,0,0,CB,28,15
Chase McLaughlin,TAM,0,0,0,0,0,0,0,0,0,0,0,0,0,0,0,0,K,29,17
Chase Young,NOR,0,0,0,0,0,0,0,0,0,0,0,0,0,0,0,0,DE,26,12
Chau Smith-Wade,CAR,0,0,0,0,0,0,0,0,0,0,0,0,0,0,1,0,CB,23,16
Chauncey Golston,NYG,0,0,0,0,0,0,0,0,0,0,0,0,0,0,0,0,DL,27,10
Chaz Chambliss,MIN,0,0,0,0,0,0,0,0,0,0,0,0,0,0,0,0,OLB,23,12
Chazz Surratt,SEA,0,0,0,0,0,0,0,0,0,0,0,0,0,0,0,0,LB,28,11
Chidobe Awuzie,BAL,0,0,0,0,0,0,0,0,0,0,0,0,0,0,0,0,CB,30,14
Chig Okonkwo,TEN,0,0,0,0,0,0,0,0,0,0,560,2,56,79,0,0,TE,26,17
Chigozie Anusiem,LVR,0,0,0,0,0,0,0,0,0,0,0,0,0,0,0,0,CB,25,3
Chimere Dike,TEN,0,0,0,0,0,0,18,0,11,2,423,4,48,74,0,0,WR,24,17
Chop Robinson,MIA,0,0,0,0,0,0,0,0,0,0,0,0,0,0,0,0,LB,22,15
Chris Blair,ATL,0,0,0,0,0,0,0,0,0,0,0,0,0,0,0,0,WR,28,3
Chris Board,NYG,0,0,0,0,0,0,0,0,0,0,0,0,0,0,0,0,LB,30,2
Chris Boswell,PIT,0,0,0,0,0,0,0,0,0,0,0,0,0,0,0,0,K,34,17
Chris Braswell,TAM,0,0,0,0,0,0,0,0,0,0,0,0,0,0,0,0,OLB,24,17
Chris Brooks,GNB,0,0,0,0,0,0,106,0,27,0,91,0,13,17,0,0,RB,25,17
Chris Edmonds,CLE,0,0,0,0,0,0,0,0,0,0,0,0,0,0,0,0,S,24,9
Chris Godwin,TAM,0,0,0,0,0,0,0,0,0,0,360,2,33,51,0,0,WR,29,9
Chris Jones,KAN,0,0,0,0,0,0,0,0,0,0,0,0,0,0,0,0,DT,31,17
Chris Lammons,IND,0,0,0,0,0,0,0,0,0,0,0,0,0,0,1,0,CB,29,10
Chris Manhertz,NYG,0,0,0,0,0,0,0,0,0,0,7,0,1,2,0,0,TE,33,17
Chris Moore,WAS,0,0,0,0,0,0,9,0,1,0,207,1,11,23,0,0,WR,32,14
Chris Oladokun,KAN,235,1,55,35,0,8,18,0,5,4,0,0,0,0,0,0,QB,28,3
Chris Olave,NOR,0,0,1,0,1,0,-3,0,1,0,1163,9,100,156,0,0,WR,25,16
Chris Rodriguez,WAS,0,0,0,0,0,0,500,6,112,0,30,0,3,4,0,0,RB,25,13
Chris Rumph,NOR,0,0,0,0,0,0,0,0,0,0,0,0,0,0,0,0,DE,27,17
Chris Stoll,SEA,0,0,0,0,0,0,0,0,0,0,0,0,0,0,0,0,LS,27,17
Chris Williams,CHI,0,0,0,0,0,0,0,0,0,0,0,0,0,0,0,0,DT,27,14
Chris Wormley,IND,0,0,0,0,0,0,0,0,0,0,0,0,0,0,0,0,DT,32,5
Christian Barmore,NWE,0,0,0,0,0,0,0,0,0,0,0,0,0,0,0,0,DT,26,17
Christian Benford,BUF,0,0,0,0,0,0,0,0,0,0,0,0,0,0,2,0,CB,25,14
Christian Braswell,JAX,0,0,0,0,0,0,0,0,0,0,0,0,0,0,0,0,CB,26,17
Christian Elliss,NWE,0,0,0,0,0,0,0,0,0,0,0,0,0,0,0,0,LB,26,15
Christian Gonzalez,NWE,0,0,0,0,0,0,0,0,0,0,0,0,0,0,0,0,CB,23,14
Christian Harris,HOU,0,0,0,0,0,0,0,0,0,0,0,0,0,0,0,0,LB,24,15
Christian Izien,TAM,0,0,0,0,0,0,0,0,0,0,0,0,0,0,0,0,S,25,14
Christian Kirk,HOU,0,0,0,0,0,0,0,0,0,0,239,1,28,52,0,0,WR,29,13
Christian Kuntz,PIT,0,0,0,0,0,0,0,0,0,0,0,0,0,0,0,0,LS,31,17
Christian McCaffrey,SFO,0,0,1,0,0,0,1202,10,311,2,924,7,102,129,0,0,RB,29,17
Christian Roland-Wallace,KAN,0,0,0,0,0,0,0,0,0,0,0,0,0,0,1,0,CB,24,11
Christian Rozeboom,CAR,0,0,0,0,0,0,0,0,0,0,0,0,0,0,1,0,LB,28,15
Christian Watson,GNB,0,0,0,0,0,0,3,0,1,0,611,6,35,55,0,0,WR,26,10
Christopher Smith,LVR,0,0,0,0,0,0,0,0,0,0,0,0,0,0,0,0,S,25,9
Chuba Hubbard,CAR,0,0,0,0,0,0,511,1,134,1,223,3,30,39,0,0,RB,26,15
Chuck Clark,PIT,0,0,0,0,0,0,0,0,0,0,0,0,0,0,0,0,S,30,15
Clark Phillips,ATL,0,0,0,0,0,0,0,0,0,0,0,0,0,0,0,0,CB,24,1
Claudin Cherelus,CAR,0,0,0,0,0,0,0,0,0,0,0,0,0,0,0,0,LB,27,14
Clayton Tune,GNB,42,0,15,7,1,5,23,0,5,1,0,0,0,0,0,0,QB,26,2
Clelin Ferrell,2TM,0,0,0,0,0,0,0,0,0,0,0,0,0,0,0,0,OLB,28,9
Clyde Edwards-Helaire,KAN,0,0,0,0,0,0,13,0,7,0,9,0,2,2,0,0,RB,26,2
Cobee Bryant,ATL,0,0,0,0,0,0,0,0,0,0,0,0,0,0,0,0,CB,24,7
Cobie Durant,LAR,0,0,0,0,0,0,0,0,0,0,0,0,0,0,3,0,CB,27,17
Coby Bryant,SEA,0,0,0,0,0,0,0,0,0,0,0,0,0,0,4,0,FS,26,15
Cody Barton,TEN,0,0,0,0,0,0,0,0,0,0,0,0,0,0,3,0,LB,29,17
Cody Ford,CIN,0,0,0,0,0,0,0,0,0,0,21,0,1,1,0,0,OT,29,17
Cody Lindenberg,LVR,0,0,0,0,0,0,0,0,0,0,0,0,0,0,0,0,LB,23,17
Cody Simon,ARI,0,0,0,0,0,0,0,0,0,0,0,0,0,0,0,0,LB,23,16
Cody White,SEA,0,0,0,0,0,0,0,0,0,0,90,1,3,4,0,0,WR,27,10
Colby Parkinson,LAR,0,0,0,0,0,0,0,0,0,1,408,8,43,56,0,0,TE,26,15
Colby Wooden,GNB,0,0,0,0,0,0,0,0,0,0,0,0,0,0,0,0,DL,25,17
Cole Bishop,BUF,0,0,0,0,0,0,0,0,0,0,0,0,0,0,3,0,S,23,17
Cole Christiansen,KAN,0,0,0,0,0,0,0,0,0,0,0,0,0,0,0,0,LB,28,3
Cole Holcomb,PIT,0,0,0,0,0,0,0,0,0,0,0,0,0,0,0,0,LB,29,14
Cole Kmet,CHI,0,0,1,0,0,0,0,0,0,0,347,2,30,48,0,0,TE,26,16
Coleman Owen,IND,0,0,0,0,0,0,0,0,0,0,0,0,0,1,0,0,WR,24,2
Collin Oliver,GNB,0,0,0,0,0,0,0,0,0,0,0,0,0,0,0,0,DL,23,1
Colson Yankoff,WAS,0,0,0,0,0,0,0,0,0,0,18,0,2,3,0,0,TE,25,14
Colston Loveland,CHI,0,0,0,0,0,0,-2,0,1,0,713,6,58,82,0,0,TE,21,16
Colton McKivitz,SFO,0,0,0,0,0,0,0,0,0,0,0,0,0,0,0,0,OL,29,17
Connor Colby,SFO,0,0,0,0,0,0,0,0,0,0,-1,0,1,1,0,0,OL,22,13
Connor Heyward,PIT,0,0,0,0,0,0,43,2,15,0,21,1,3,4,0,0,TE,26,17
Connor O'Toole,SEA,0,0,0,0,0,0,0,0,0,0,0,0,0,0,0,0,LB,23,8
Cooper DeJean,PHI,0,0,0,0,0,0,0,0,0,0,0,0,0,0,2,0,DB,22,16
Cooper Kupp,SEA,0,0,1,0,1,0,0,0,0,1,593,2,47,70,0,0,WR,32,16
Cooper McDonald,KAN,0,0,0,0,0,0,0,0,0,0,0,0,0,0,0,0,LB,24,17
Cooper Rush,BAL,303,0,52,34,4,1,-4,0,4,1,0,0,0,0,0,0,QB,32,4
Cordale Flott,NYG,0,0,0,0,0,0,0,0,0,0,0,0,0,0,1,0,CB,24,14
Corey Ballentine,2TM,0,0,0,0,0,0,0,0,0,0,0,0,0,0,0,0,CB,29,6
Corey Bojorquez,CLE,0,0,1,0,0,0,0,0,0,0,0,0,0,0,0,0,P,29,17
Corey Kiner,ARI,0,0,0,0,0,0,58,0,12,0,15,0,2,3,0,0,RB,23,4
Corey Thornton,CAR,0,0,0,0,0,0,0,0,0,0,0,0,0,0,0,0,CB,25,12
Cornell Armstrong,MIA,0,0,0,0,0,0,0,0,0,0,0,0,0,0,0,0,CB,30,3
Cory Durden,NWE,0,0,0,0,0,0,0,0,0,0,0,0,0,0,0,0,NT,26,17
Courtland Sutton,DEN,0,0,0,0,0,1,0,0,0,0,1017,7,74,124,0,0,WR,30,17
Craig Reynolds,DET,0,0,0,0,0,0,4,0,3,0,0,0,0,0,0,0,RB,29,7
Craig Woodson,NWE,0,0,0,0,0,0,0,0,0,0,0,0,0,0,0,0,S,24,17
Creed Humphrey,KAN,0,0,0,0,0,0,0,0,0,0,0,0,0,0,0,0,C,26,17
Curtis Robinson,SFO,0,0,0,0,0,0,0,0,0,0,0,0,0,0,0,0,LB,27,14
Curtis Samuel,BUF,0,0,0,0,0,0,0,0,0,0,81,1,7,9,0,0,WR,29,6
D'Andre Swift,CHI,0,0,0,0,0,0,1087,9,223,2,299,1,34,48,0,0,RB,26,16
D'Angelo Ross,CLE,0,0,0,0,0,0,0,0,0,0,0,0,0,0,0,0,CB,29,7
D'Anthony Bell,SEA,0,0,0,0,0,0,0,0,0,0,0,0,0,0,0,0,S,29,14
D'Ernest Johnson,2TM,0,0,0,0,0,0,25,0,14,0,0,0,0,0,0,0,RB,29,8
D'Marco Jackson,CHI,0,0,0,0,0,0,0,0,0,0,0,0,0,0,1,0,LB,27,16
D'Wayne Eskridge,MIA,0,0,0,0,0,0,0,0,0,1,62,0,4,7,0,0,WR,28,13
D.J. James,NWE,0,0,0,0,0,0,0,0,0,0,0,0,0,0,0,0,CB,24,1
D.J. Jones,DEN,0,0,0,0,0,0,0,0,0,0,0,0,0,0,0,0,DT,30,16
D.J. Moore,CHI,2,1,1,1,0,0,79,1,15,1,682,6,50,85,0,0,WR,28,17
D.J. Reader,DET,0,0,0,0,0,0,0,0,0,0,0,0,0,0,0,0,DL,31,17
D.J. Reed,DET,0,0,0,0,0,0,0,0,0,0,0,0,0,0,2,0,CB,29,11
D.J. Wonnum,CAR,0,0,0,0,0,0,0,0,0,0,0,0,0,0,1,0,OLB,28,16
D.K. Metcalf,PIT,0,0,0,0,0,0,12,1,2,0,850,6,59,99,0,0,WR,28,15
DJ Davidson,NYG,0,0,0,0,0,0,0,0,0,0,0,0,0,0,0,0,DL,26,15
DJ Giddens,IND,0,0,0,0,0,0,96,0,26,0,0,0,0,2,0,0,RB,22,9
DJ Ivey,CIN,0,0,0,0,0,0,0,0,0,0,0,0,0,0,0,0,CB,25,17
DJ Johnson,CAR,0,0,0,0,0,0,0,0,0,0,0,0,0,0,0,0,OLB,27,4
DJ Turner,CIN,0,0,0,0,0,0,0,0,0,0,0,0,0,0,2,0,CB,25,17
Da'Shawn Hand,LAC,0,0,0,0,0,0,0,0,0,0,0,0,0,0,1,0,DL,30,13
DaQuan Jones,BUF,0,0,0,0,0,0,0,0,0,0,0,0,0,0,1,0,DT,34,12
DaRon Bland,DAL,0,0,0,0,0,0,0,0,0,0,0,0,0,0,1,0,CB,26,12
DaVon Hamilton,JAX,0,0,0,0,0,0,0,0,0,0,0,0,0,0,0,0,DT,28,17
Dadrion Taylor-Demerson,ARI,0,0,0,0,0,0,0,0,0,0,0,0,0,0,2,0,S,24,12
Daijahn Anthony,CIN,0,0,0,0,0,0,0,0,0,0,0,0,0,0,0,0,S,25,5
Daiyan Henley,LAC,0,0,0,0,0,0,0,0,0,0,0,0,0,0,2,0,LB,26,16
Dak Prescott,DAL,4552,30,600,404,10,31,177,2,53,6,0,0,0,0,0,0,QB,32,17
Dalen Cambre,NYG,0,0,0,0,0,0,0,0,0,0,0,0,0,0,0,0,WR,24,7
Dalevon Campbell,CAR,0,0,0,0,0,0,0,0,0,0,0,0,0,0,0,0,WR,24,2
Dallas Goedert,PHI,0,0,0,0,0,0,0,0,0,0,591,11,60,82,0,0,TE,30,15
Dallas Turner,MIN,0,0,0,0,0,0,0,0,0,0,0,0,0,0,0,0,OLB,22,17
Dallis Flowers,CHI,0,0,0,0,0,0,0,0,0,0,0,0,0,0,0,0,DB,28,1
Dalton Kincaid,BUF,0,0,0,0,0,0,0,0,0,1,571,5,39,49,0,0,TE,26,12
Dalton Schultz,HOU,0,0,0,0,0,0,0,0,0,1,777,3,82,106,0,0,TE,29,17
Dalvin Tomlinson,ARI,0,0,0,0,0,0,0,0,0,0,0,0,0,0,0,0,DT,31,17
Damar Hamlin,BUF,0,0,0,0,0,0,0,0,0,0,0,0,0,0,0,0,S,27,5
Dameon Pierce,2TM,0,0,0,0,0,0,36,0,14,0,0,0,0,1,0,0,RB,25,5
Damien Lewis,CAR,0,0,0,0,0,0,0,0,0,0,0,0,0,0,0,0,G,28,16
Damon Arnette,HOU,0,0,0,0,0,0,0,0,0,0,0,0,0,0,0,0,CB,29,2
Damone Clark,2TM,0,0,0,0,0,0,0,0,0,0,0,0,0,0,0,0,LB,25,14
Dane Belton,NYG,0,0,0,0,0,0,0,0,0,0,0,0,0,0,1,0,S,25,17
Dane Jackson,BUF,0,0,0,0,0,0,0,0,0,0,0,0,0,0,0,0,CB,29,3
Daniel Bellinger,NYG,0,0,0,0,0,0,0,0,0,0,286,2,19,26,0,0,TE,25,16
Daniel Carlson,LVR,0,0,0,0,0,0,0,0,0,0,0,0,0,0,0,0,K,30,17
Daniel Ekuale,PIT,0,0,0,0,0,0,0,0,0,0,0,0,0,0,0,0,DT,31,7
Daniel Hardy,CHI,0,0,0,0,0,0,0,0,0,0,0,0,0,0,0,0,DL,27,17
Daniel Jones,IND,3101,19,384,261,8,22,164,5,45,9,0,0,0,0,0,0,QB,28,13
Daniel Scott,IND,0,0,0,0,0,0,0,0,0,0,0,0,0,0,0,0,S,27,4
Daniel Thomas,DET,0,0,0,0,0,0,0,0,0,0,0,0,0,0,0,0,S,27,12
Danielle Hunter,HOU,0,0,0,0,0,0,0,0,0,0,0,0,0,0,0,0,DE,31,17
Danny Pinter,IND,0,0,0,0,0,0,0,0,0,0,0,0,0,0,0,0,C,29,17
Danny Striggow,JAX,0,0,0,0,0,0,0,0,0,0,0,0,0,0,0,0,DL,23,10
Danny Stutsman,NOR,0,0,0,0,0,0,0,0,0,0,0,0,0,0,0,0,LB,22,17
Dante Fowler,DAL,0,0,0,0,0,0,0,0,0,0,0,0,0,0,0,0,DE,31,17
Dante Pettis,NOR,0,0,0,0,0,0,0,0,0,1,127,0,9,11,0,0,WR,30,8
Dante Stills,ARI,0,0,0,0,0,0,0,0,0,0,0,0,0,0,0,0,DL,26,17
Dante Trader,MIA,0,0,0,0,0,0,0,0,0,0,0,0,0,0,0,0,S,22,17
Dare Ogunbowale,HOU,0,0,0,0,0,0,25,1,11,1,76,0,10,13,0,0,RB,31,17
Dareke Young,SEA,0,0,0,0,0,0,0,0,0,0,48,0,2,3,0,0,WR,26,9
Darien Porter,LVR,0,0,0,0,0,0,0,0,0,0,0,0,0,0,0,0,CB,24,17
Darious Williams,LAR,0,0,0,0,0,0,0,0,0,0,0,0,0,0,1,0,CB,32,12
Darius Alexander,NYG,0,0,0,0,0,0,0,0,0,0,0,0,0,0,0,0,DT,25,16
Darius Cooper,PHI,0,0,0,0,0,0,0,0,0,0,92,0,9,11,0,0,WR,24,13
Darius Harris,NWE,0,0,0,0,0,0,0,0,0,0,0,0,0,0,0,0,LB,29,3
Darius Muasau,NYG,0,0,0,0,0,0,0,0,0,0,0,0,0,0,0,0,LB,24,12
Darius Robinson,ARI,0,0,0,0,0,0,0,0,0,0,0,0,0,0,0,0,DL,24,15
Darius Slay,PIT,0,0,0,0,0,0,0,0,0,0,0,0,0,0,0,0,CB/LCB,34,10
Darius Slayton,NYG,0,0,0,0,0,0,0,0,0,1,538,1,37,63,0,0,WR,28,14
Darnay Holmes,LVR,0,0,0,0,0,0,0,0,0,0,0,0,0,0,0,0,CB,27,13
Darnell Mooney,ATL,0,0,0,0,0,0,0,0,0,2,443,1,32,72,0,0,WR,28,15
Darnell Savage Jr.,3TM,0,0,0,0,0,0,0,0,0,0,0,0,0,0,0,0,S,28,12
Darnell Washington,PIT,0,0,0,0,0,0,0,0,0,2,364,1,31,43,0,0,TE,24,16
Daron Payne,WAS,0,0,0,0,0,0,0,0,0,0,0,0,0,0,0,0,DT,28,15
Darrell Baker,TEN,0,0,0,0,0,0,0,0,0,0,0,0,0,0,0,0,CB,27,17
Darrell Luter,SFO,0,0,0,0,0,0,0,0,0,0,0,0,0,0,0,0,CB,25,17
Darrell Taylor,HOU,0,0,0,0,0,0,0,0,0,0,0,0,0,0,0,0,DE,28,4
Darren Hall,ARI,0,0,0,0,0,0,0,0,0,0,0,0,0,0,0,0,CB,25,13
Darren Waller,MIA,0,0,0,0,0,0,4,0,1,0,283,6,24,34,0,0,TE,33,9
Davante Adams,LAR,0,0,0,0,0,0,0,0,0,0,789,14,60,114,0,0,WR,33,14
David Martin-Robinson,TEN,0,0,0,0,0,0,0,0,0,0,30,1,4,6,0,0,TE,26,17
David Montgomery,DET,3,1,2,1,0,1,716,8,158,2,192,0,24,29,0,0,RB,28,17
David Moore,CAR,0,0,0,0,0,0,12,0,1,0,5,0,1,1,0,0,WR,30,4
David Njoku,CLE,0,0,0,0,0,0,0,0,0,0,293,4,33,48,0,0,TE,29,12
David Ojabo,BAL,0,0,0,0,0,0,0,0,0,0,0,0,0,0,0,0,OLB,25,14
David Onyemata,ATL,0,0,0,0,0,0,0,0,0,0,0,0,0,0,0,0,DL,33,17
David Sills V,ATL,0,0,0,0,0,0,0,0,0,0,191,2,18,36,0,0,WR,29,17
Davis Allen,LAR,0,0,0,0,0,0,0,0,0,0,208,3,24,33,0,0,TE,24,17
Davis Mills,HOU,915,5,159,91,1,8,60,1,13,1,0,0,0,0,0,0,QB,27,6
Davon Godchaux,NOR,0,0,0,0,0,0,0,0,0,0,0,0,0,0,0,0,DT,31,17
Dawson Knox,BUF,0,0,0,0,0,0,0,0,0,0,417,4,36,49,0,0,TE,29,17
Dawuane Smoot,JAX,0,0,0,0,0,0,0,0,0,0,0,0,0,0,0,0,DE,30,17
Daxton Hill,CIN,0,0,0,0,0,0,0,0,0,0,0,0,0,0,1,0,CB,25,17
Dayo Odeyingbo,CHI,0,0,0,0,0,0,0,0,0,0,0,0,0,0,0,0,DL,26,8
De'Von Achane,MIA,0,0,0,0,0,0,1350,8,238,1,488,4,67,85,0,0,RB,24,16
DeAndre Carter,CLE,0,0,0,0,0,0,0,0,0,0,0,0,0,0,0,0,WR,32,4
DeAndre Hopkins,BAL,0,0,0,0,0,0,0,0,0,0,330,2,22,39,0,0,WR,33,17
DeAngelo Malone,ATL,0,0,0,0,0,0,0,0,0,0,0,0,0,0,1,0,DE,26,9
DeAundre Alford,ATL,0,0,0,0,0,0,0,0,0,0,0,0,0,0,3,0,CB,28,16
DeForest Buckner,IND,0,0,0,0,0,0,0,0,0,0,0,0,0,0,0,0,DT,31,10
DeMarcco Hellams,ATL,0,0,0,0,0,0,0,0,0,0,0,0,0,0,0,0,S,25,11
DeMarcus Lawrence,SEA,0,0,0,0,0,0,0,0,0,0,0,0,0,0,0,0,LB,33,16
DeMarcus Walker,WAS,0,0,0,0,0,0,0,0,0,0,0,0,0,0,0,0,DE,31,1
DeMario Douglas,NWE,0,0,0,0,0,0,21,0,7,0,447,3,31,46,0,0,WR,25,17
DeMarvin Leal,PIT,0,0,0,0,0,0,0,0,0,0,0,0,0,0,0,0,DE,25,4
DeMarvion Overshown,DAL,0,0,0,0,0,0,0,0,0,0,0,0,0,0,0,0,LB,25,6
DeShon Elliott,PIT,0,0,0,0,0,0,0,0,0,0,0,0,0,0,1,0,S,28,5
DeVonta Smith,PHI,0,0,0,0,0,0,0,0,0,0,1008,4,77,113,0,0,WR,27,17
Dean Clark,NYJ,0,0,0,0,0,0,0,0,0,0,0,0,0,0,0,0,S,24,12
Deane Leonard,LAC,0,0,0,0,0,0,0,0,0,0,0,0,0,0,0,0,DB,26,8
Deatrich Wise Jr.,WAS,0,0,0,0,0,0,0,0,0,0,0,0,0,0,0,0,DE,31,2
Decamerion Richardson,LVR,0,0,0,0,0,0,0,0,0,0,0,0,0,0,0,0,CB,24,15
Dee Winters,SFO,0,0,0,0,0,0,0,0,0,0,0,0,0,0,1,0,LB,25,17
DeeJay Dallas,2TM,0,0,0,0,0,0,21,0,3,0,0,0,0,1,0,0,RB,27,6
DeeJay Dallas,CAR,0,0,0,0,0,0,0,0,0,0,0,0,0,0,0,0,RB,27,3
Deebo Samuel,WAS,0,0,0,0,0,0,75,1,17,3,727,5,72,99,0,0,WR,29,16
Deion Jones,TAM,0,0,0,0,0,0,0,0,0,0,0,0,0,0,0,0,MLB,31,17
Del'Shawn Phillips,LAC,0,0,0,0,0,0,0,0,0,0,0,0,0,0,0,0,LB,29,17
Delarrin Turner-Yell,DEN,0,0,0,0,0,0,0,0,0,0,0,0,0,0,0,0,S,26,1
Dell Pettus,NWE,0,0,0,0,0,0,0,0,0,0,0,0,0,0,0,0,S,24,17
Demani Richardson,CAR,0,0,0,0,0,0,0,0,0,0,0,0,0,0,0,0,S,25,13
Demarcus Robinson,SFO,0,0,0,0,0,0,6,0,1,0,276,1,22,35,0,0,WR,31,14
Demario Davis,NOR,0,0,0,0,0,0,0,0,0,0,0,0,0,0,0,0,LB,36,17
Demetrius Flannigan-Fowles,NYG,0,0,0,0,0,0,0,0,0,0,0,0,0,0,0,0,LB,29,10
Demetrius Knight,CIN,0,0,0,0,0,0,0,0,0,0,0,0,0,0,2,0,LB,25,17
Denico Autry,HOU,0,0,0,0,0,0,0,0,0,0,0,0,0,0,0,0,DE,35,12
Dennis Gardeck,JAX,0,0,0,0,0,0,0,0,0,0,0,0,0,0,0,0,OLB,31,17
Denzel Burke,ARI,0,0,0,0,0,0,0,0,0,0,0,0,0,0,3,0,CB,23,17
Denzel Perryman,LAC,0,0,0,0,0,0,0,0,0,0,0,0,0,0,0,0,LB,33,10
Denzel Ward,CLE,0,0,0,0,0,0,0,0,0,0,0,0,0,0,1,0,CB,28,15
Deommodore Lenoir,SFO,0,0,0,0,0,0,0,0,0,0,0,0,0,0,2,0,DB,26,17
Deone Walker,BUF,0,0,0,0,0,0,0,0,0,0,0,0,0,0,0,0,DT,21,17
Deonte Banks,NYG,0,0,0,0,0,0,0,0,0,0,0,0,0,0,0,0,CB,24,16
Derek Barnett,HOU,0,0,0,0,0,0,0,0,0,0,0,0,0,0,0,0,DE,29,17
Derek Stingley Jr.,HOU,0,0,0,0,0,0,0,0,0,0,0,0,0,0,4,0,CB,24,17
Derick Hall,SEA,0,0,0,0,0,0,0,0,0,0,0,0,0,0,0,0,OLB,24,14
Derion Kendrick,2TM,0,0,0,0,0,0,0,0,0,0,0,0,0,0,2,0,CB,25,15
Derius Davis,LAC,0,0,0,0,0,0,5,0,2,1,10,0,2,3,0,0,WR,25,11
Derrick Barnes,DET,0,0,0,0,0,0,0,0,0,0,0,0,0,0,1,0,LB,26,17
Derrick Brown,CAR,0,0,0,0,0,0,0,0,0,0,0,0,0,0,0,0,DT,27,17
Derrick Harmon,PIT,0,0,0,0,0,0,0,0,0,0,0,0,0,0,0,0,DT,22,12
Derrick Henry,BAL,0,0,1,0,0,0,1595,16,307,4,150,0,15,21,0,0,RB,31,17
Derrick Nnadi,KAN,0,0,0,0,0,0,0,0,0,0,0,0,0,0,0,0,DT,29,15
Derwin James,LAC,0,0,0,0,0,0,0,0,0,0,0,0,0,0,3,0,S,29,16
Desjuan Johnson,LAR,0,0,0,0,0,0,0,0,0,0,0,0,0,0,0,0,DE,26,6
Devaughn Vele,NOR,0,0,0,0,0,0,0,0,0,0,293,2,25,39,0,0,WR,28,13
Deven Thompkins,ATL,0,0,0,0,0,0,5,0,1,0,27,0,3,3,0,0,WR,26,7
Devin Bush Jr.,CLE,0,0,0,0,0,0,0,0,0,0,0,0,0,0,3,0,LB,27,17
Devin Culp,TAM,0,0,0,0,0,0,0,0,0,0,6,1,1,1,0,0,TE,25,13
Devin Duvernay,CHI,0,0,0,0,0,0,0,0,0,0,26,0,2,5,0,0,WR,28,17
Devin Lloyd,JAX,0,0,0,0,0,0,0,0,0,0,0,0,0,0,5,0,LB,27,15
Devin Neal,NOR,0,0,0,0,0,0,206,2,57,0,104,0,17,19,0,0,RB,22,10
Devin Singletary,NYG,0,0,0,0,0,0,437,5,119,0,151,0,18,19,0,0,RB,28,17
Devin White,LVR,0,0,0,0,0,0,0,0,0,0,0,0,0,0,1,0,LB,27,17
Devon Key,DEN,0,0,0,0,0,0,0,0,0,0,0,0,0,0,0,0,DB,28,17
Devon Witherspoon,SEA,0,0,0,0,0,0,0,0,0,0,0,0,0,0,1,0,CB,25,12
Devonte Wyatt,GNB,0,0,0,0,0,0,0,0,0,0,0,0,0,0,0,0,DL,27,10
Devontez Walker,BAL,0,0,0,0,0,0,0,0,0,0,136,3,6,8,0,0,WR,24,12
Dexter Lawrence,NYG,0,0,0,0,0,0,0,0,0,0,0,0,0,0,1,0,DL,28,17
Dillon Gabriel,CLE,937,7,185,110,2,19,86,0,14,0,0,0,0,0,0,0,QB,25,10
Dillon Radunz,NOR,0,0,0,0,0,0,0,0,0,0,0,0,0,0,0,0,OL,27,15
Divine Deablo,ATL,0,0,0,0,0,0,0,0,0,0,0,0,0,0,0,0,LB,27,13
Dom Jones,CLE,0,0,0,0,0,0,0,0,0,0,0,0,0,0,0,0,CB,25,8
Dominique Robinson,CHI,0,0,0,0,0,0,0,0,0,0,0,0,0,0,0,0,DL,27,12
Dondrea Tillman,DEN,0,0,0,0,0,0,0,0,0,0,0,0,0,0,2,0,OLB,27,17
Donovan Ezeiruaku,DAL,0,0,0,0,0,0,0,0,0,0,0,0,0,0,0,0,DE,22,17
Donovan McMillon,CLE,0,0,0,0,0,0,0,0,0,0,0,0,0,0,0,0,S,23,17
Donovan Wilson,DAL,0,0,0,0,0,0,0,0,0,0,0,0,0,0,2,0,S,30,15
Dont'e Thornton,LVR,0,0,0,0,0,0,0,0,0,0,135,0,10,30,0,0,WR,23,15
Dontayvion Wicks,GNB,0,0,0,0,0,0,6,0,1,0,332,2,30,46,0,0,WR,24,14
Donte Jackson,LAC,0,0,0,0,0,0,0,0,0,0,0,0,0,0,4,0,CB,30,17
Dorance Armstrong Jr.,WAS,0,0,0,0,0,0,0,0,0,0,0,0,0,0,0,0,DE,28,7
Dorian Mausi,TEN,0,0,0,0,0,0,0,0,0,0,0,0,0,0,0,0,LB,23,17
Dorian Strong,BUF,0,0,0,0,0,0,0,0,0,0,0,0,0,0,0,0,CB,23,4
Dorian Williams,BUF,0,0,0,0,0,0,0,0,0,0,0,0,0,0,0,0,LB,24,16
Drake Dabney,GNB,0,0,0,0,0,0,0,0,0,0,3,0,1,2,0,0,TE,23,2
Drake Jackson,WAS,0,0,0,0,0,0,0,0,0,0,0,0,0,0,0,0,DE,24,3
Drake London,ATL,0,0,0,0,0,0,0,0,0,1,919,7,68,112,0,0,WR,24,12
Drake Maye,NWE,4394,31,492,354,8,47,450,4,103,8,2,0,1,1,0,0,QB,23,17
Drake Thomas,SEA,0,0,0,0,0,0,0,0,0,0,0,0,0,0,1,0,LB,25,17
Dre Greenlaw,DEN,0,0,0,0,0,0,0,0,0,0,0,0,0,0,1,0,LB,28,8
Dre'Mont Jones,2TM,0,0,0,0,0,0,0,0,0,0,0,0,0,0,0,0,OLB,28,18
Drew Dalman,CHI,0,0,0,0,0,0,0,0,0,0,0,0,0,0,0,0,OL,27,17
Drew Lock,SEA,15,0,3,2,0,0,-5,0,6,2,0,0,0,0,0,0,QB,29,5
Drew Sample,CIN,0,0,0,0,0,0,3,0,1,0,106,1,15,20,0,0,TE,29,17
Drue Tranquill,KAN,0,0,0,0,0,0,0,0,0,0,0,0,0,0,0,0,LB,30,17
Durell Nchami,IND,0,0,0,0,0,0,0,0,0,0,0,0,0,0,0,0,DE,25,3
Durham Smythe,CHI,0,0,0,0,0,0,0,0,0,0,25,0,4,6,0,0,TE,30,17
Dyami Brown,JAX,0,0,0,0,0,0,30,0,6,1,227,1,20,37,0,0,WR,26,14
Dylan Cook,PIT,0,0,0,0,0,0,0,0,0,0,0,0,0,0,0,0,OT,27,5
Dylan Drummond,ATL,0,0,0,0,0,0,0,0,0,0,42,0,7,11,0,0,WR,25,9
Dylan Fairchild,CIN,0,0,0,0,0,0,0,0,0,0,0,0,0,0,0,0,OG,22,15
Dylan Horton,HOU,0,0,0,0,0,0,0,0,0,0,0,0,0,0,0,0,DE,25,16
Dylan Laube,LVR,0,0,0,0,0,0,9,0,7,1,18,0,3,4,0,0,RB,26,17
Dylan Sampson,CLE,0,0,0,0,0,0,175,0,65,1,271,2,33,40,0,0,RB,21,15
E.J. Speed,HOU,0,0,0,0,0,0,0,0,0,0,0,0,0,0,0,0,LB,30,16
Easton Mascarenas-Arnold,CLE,0,0,0,0,0,0,0,0,0,0,0,0,0,0,0,0,LB,23,16
Ed Oliver,BUF,0,0,0,0,0,0,0,0,0,0,0,0,0,0,0,0,DT,28,3
Eddie Goldman,WAS,0,0,0,0,0,0,0,0,0,0,0,0,0,0,0,0,DT,31,13
Edgerrin Cooper,GNB,0,0,0,0,0,0,0,0,0,0,0,0,0,0,0,0,LB,24,16
Efton Chism,NWE,0,0,0,0,0,0,0,0,0,0,75,1,3,3,0,0,WR,24,8
Eku Leota,NOR,0,0,0,0,0,0,0,0,0,0,0,0,0,0,0,0,LB,26,3
Elandon Roberts,LVR,0,0,0,0,0,0,0,0,0,0,0,0,0,0,0,0,LB,31,17
Eli Apple,SFO,0,0,0,0,0,0,0,0,0,0,0,0,0,0,0,0,CB,30,2
Elic Ayomanor,TEN,0,0,0,0,0,0,0,0,0,0,515,4,41,89,0,0,WR,22,16
Elijah Arroyo,SEA,0,0,0,0,0,0,0,0,0,1,179,1,15,26,0,0,TE,22,13
Elijah Campbell,MIA,0,0,0,0,0,0,0,0,0,0,0,0,0,0,0,0,DB,30,10
Elijah Chatman,NYG,0,0,0,0,0,0,0,0,0,0,0,0,0,0,0,0,DT,25,5
Elijah Garcia,2TM,0,0,0,0,0,0,0,0,0,0,0,0,0,0,0,0,DL,27,7
Elijah Hicks,CHI,0,0,0,0,0,0,0,0,0,0,0,0,0,0,0,0,DB,26,17
Elijah Higgins,ARI,0,0,0,0,0,0,0,0,0,1,301,0,30,37,0,0,TE,25,17
Elijah Jones,ARI,0,0,0,0,0,0,0,0,0,0,0,0,0,0,0,0,CB,25,10
Elijah Mitchell,KAN,0,0,0,0,0,0,0,0,0,0,0,0,0,1,0,0,RB,27,1
Elijah Molden,LAC,0,0,0,0,0,0,0,0,0,0,0,0,0,0,1,0,DB,26,12
Elijah Moore,BUF,0,0,0,0,0,0,24,1,6,0,112,0,9,17,0,0,WR,25,9
Elijah Ponder,NWE,0,0,0,0,0,0,0,0,0,0,0,0,0,0,0,0,LB,23,15
Elijah Roberts,TAM,0,0,0,0,0,0,0,0,0,0,0,0,0,0,0,0,DL,24,17
Elijah Simmons,TAM,0,0,0,0,0,0,0,0,0,0,0,0,0,0,0,0,DL,24,9
Elijah Wilkinson,ATL,0,0,0,0,0,0,0,0,0,0,0,0,0,0,0,0,OL,30,17
Elijah Williams,MIN,0,0,0,0,0,0,0,0,0,0,0,0,0,0,0,0,DL,23,7
Emanuel Wilson,GNB,0,0,0,0,0,0,496,3,125,1,99,0,15,17,0,0,RB,26,17
Emari Demercado,ARI,0,0,0,0,0,0,312,0,44,1,101,1,13,20,0,0,RB,26,13
Emeka Egbuka,TAM,0,0,0,0,0,0,9,0,2,0,938,6,63,127,0,0,WR,23,17
Emmanuel Forbes,LAR,0,0,0,0,0,0,0,0,0,0,0,0,0,0,3,0,CB,24,17
Emmanuel Ogbah,JAX,0,0,0,0,0,0,0,0,0,0,0,0,0,0,0,0,DL,32,13
Eric Gregory,NWE,0,0,0,0,0,0,0,0,0,0,0,0,0,0,0,0,DT,25,6
Eric Johnson,IND,0,0,0,0,0,0,0,0,0,0,0,0,0,0,0,0,DT,27,12
Eric Kendricks,SFO,0,0,0,0,0,0,0,0,0,0,0,0,0,0,0,0,LB,33,3
Eric Murray,JAX,0,0,0,0,0,0,0,0,0,0,0,0,0,0,1,0,S,31,12
Eric Saubert,SEA,0,0,0,0,0,0,0,0,0,0,31,0,4,7,0,0,TE,31,11
Eric Stokes,LVR,0,0,0,0,0,0,0,0,0,0,0,0,0,0,0,0,CB,26,16
Eric Watts,NYJ,0,0,0,0,0,0,0,0,0,0,0,0,0,0,0,0,DL,25,4
Eric Wilson,MIN,0,0,0,0,0,0,0,0,0,0,0,0,0,0,0,0,LB,31,17
Erick Hallett,2TM,0,0,0,0,0,0,0,0,0,0,0,0,0,0,0,0,S,25,4
Erik McCoy,NOR,0,0,0,0,0,0,0,0,0,0,0,0,0,0,0,0,OL,28,7
Ernest Jones,SEA,0,0,0,0,0,0,0,0,0,0,0,0,0,0,5,0,LB,26,15
Esezi Otomewo,PIT,0,0,0,0,0,0,0,0,0,0,0,0,0,0,0,0,DE,27,12
Ethan Bonner,MIA,0,0,0,0,0,0,0,0,0,0,0,0,0,0,1,0,CB,26,14
Ethan Downs,KAN,0,0,0,0,0,0,0,0,0,0,0,0,0,0,0,0,OLB,23,1
Ethan Evans,LAR,0,0,0,0,0,0,0,0,0,0,0,0,0,0,0,0,P,24,17
Evan Deckers,TAM,0,0,0,0,0,0,0,0,0,0,0,0,0,0,0,0,LS,26,17
Evan Engram,DEN,0,0,0,0,0,0,7,0,1,0,461,1,50,76,0,0,TE,31,16
Evan Hull,NOR,0,0,0,0,0,0,48,0,19,0,6,0,1,1,0,0,RB,25,6
Evan Williams,GNB,0,0,0,0,0,0,0,0,0,0,0,0,0,0,3,0,S,24,16
Eyioma Uwazurike,DEN,0,0,0,0,0,0,0,0,0,0,0,0,0,0,0,0,DL,27,17
Fabian Moreau,MIN,0,0,0,0,0,0,0,0,0,0,0,0,0,0,0,0,CB,31,11
Feleipe Franks,ATL,0,0,0,0,0,0,4,0,2,0,0,0,0,0,0,0,TE,28,17
Folorunso Fatukasi,HOU,0,0,0,0,0,0,0,0,0,0,0,0,0,0,0,0,DT,30,4
Foster Moreau,NOR,0,0,0,0,0,0,0,0,0,0,59,0,7,10,0,0,TE,28,11
Foyesade Oluokun,JAX,0,0,0,0,0,0,0,0,0,0,0,0,0,0,1,0,LB,30,17
Francisco Mauigoa,NYJ,0,0,0,0,0,0,0,0,0,0,0,0,0,0,0,0,LB,22,12
Frankie Luvu,WAS,0,0,0,0,0,0,0,0,0,0,0,0,0,0,0,0,LB,29,17
Fred Warner,SFO,0,0,0,0,0,0,0,0,0,0,0,0,0,0,0,0,LB,29,6
Gabe Davis,BUF,0,0,0,0,0,0,0,0,0,0,129,1,12,18,0,0,WR,26,6
Gage Larvadain,CLE,0,0,0,0,0,0,3,0,1,4,71,0,7,14,0,0,WR,23,13
Gardner Minshew II,KAN,37,0,13,6,1,0,2,0,6,0,0,0,0,0,0,0,QB,29,4
Garett Bolles,DEN,0,0,0,0,0,0,0,0,0,0,0,0,0,1,0,0,T,33,17
Garret Wallow,2TM,0,0,0,0,0,0,0,0,0,0,0,0,0,0,0,0,LB,26,11
Garrett Bradbury,NWE,0,0,0,0,0,0,0,0,0,0,0,0,0,0,0,0,C,30,17
Garrett Williams,ARI,0,0,0,0,0,0,0,0,0,0,0,0,0,0,1,0,CB,24,10
Garrett Wilson,NYJ,0,0,0,0,0,0,0,0,0,1,395,4,36,59,0,0,WR,25,7
Geno Smith,LVR,3025,19,448,302,17,55,109,0,41,4,0,0,0,0,0,0,QB,35,15
Geno Stone,CIN,0,0,0,0,0,0,0,0,0,0,0,0,0,0,2,0,S,26,17
George Holani,SEA,0,0,0,0,0,0,73,1,22,1,15,0,2,2,0,0,RB,26,11
George Karlaftis III,KAN,0,0,0,0,0,0,0,0,0,0,0,0,0,0,0,0,DE,24,16
George Kittle,SFO,0,0,0,0,0,0,-3,0,1,0,628,7,57,69,0,0,TE,32,11
George Odum,IND,0,0,0,0,0,0,0,0,0,0,0,0,0,0,0,0,S,32,3
George Pickens,DAL,0,0,0,0,0,0,0,0,0,4,1429,9,93,137,0,0,WR,24,17
Germaine Pratt,2TM,0,0,0,0,0,0,0,0,0,0,0,0,0,0,1,0,LB,29,16
Gervon Dexter,CHI,0,0,0,0,0,0,0,0,0,0,0,0,0,0,0,0,DL,24,17
Giovanni Ricci,DET,0,0,0,0,0,0,0,0,0,0,0,0,0,1,0,0,TE,29,3
Grady Jarrett,CHI,0,0,0,0,0,0,0,0,0,0,0,0,0,0,0,0,DL,32,14
Graham Barton,TAM,0,0,0,0,0,0,0,0,0,0,0,0,0,0,0,0,C,23,17
Grant Calcaterra,PHI,0,0,0,0,0,0,0,0,0,0,76,1,9,13,0,0,TE,27,15
Grant Delpit,CLE,0,0,0,0,0,0,0,0,0,0,0,0,0,0,1,0,S,27,17
Grant Stuard,DET,0,0,0,0,0,0,0,0,1,0,0,0,0,0,0,0,LB,27,17
Greedy Vance,LVR,0,0,0,0,0,0,0,0,0,0,0,0,0,0,0,0,CB,24,6
Greg Dortch,ARI,0,0,0,0,0,0,15,1,7,1,206,3,29,33,0,0,WR,27,12
Greg Dulcich,MIA,0,0,0,0,0,0,-7,0,1,1,335,1,26,33,0,0,TE,25,10
Greg Gaines,TAM,0,0,0,0,0,0,0,0,0,0,0,0,0,0,0,0,DL,29,17
Greg Newsome II,2TM,0,0,0,0,0,0,0,0,0,0,0,0,0,0,1,0,CB,25,17
Gregory Rousseau,BUF,0,0,0,0,0,0,0,0,0,0,0,0,0,0,0,0,DE,25,16
Grover Stewart,IND,0,0,0,0,0,0,0,0,0,0,0,0,0,0,1,0,DT,32,17
Gunnar Helm,TEN,0,0,0,0,0,0,0,0,0,0,357,2,44,55,0,0,TE,23,16
Gunner Olszewski,NYG,33,1,2,1,0,0,0,0,0,1,145,1,10,13,0,0,WR,29,16
Haason Reddick,TAM,0,0,0,0,0,0,0,0,0,0,0,0,0,0,0,0,OLB,31,13
Haggai Ndubuisi,HOU,0,0,0,0,0,0,0,0,0,0,0,0,0,0,0,0,DT,25,1
Harold Fannin,CLE,0,0,0,0,0,0,13,1,7,1,731,6,72,107,0,0,TE,21,16
Harold Landry,NWE,0,0,0,0,0,0,0,0,0,0,0,0,0,0,0,0,OLB,29,15
Harrison Bryant,HOU,0,0,0,0,0,0,0,0,0,0,7,0,2,6,0,0,TE,27,12
Harrison Butker,KAN,0,0,0,0,0,0,0,0,0,0,0,0,0,0,0,0,K,30,17
Harrison Phillips,NYJ,0,0,0,0,0,0,0,0,0,0,0,0,0,0,0,0,DL,29,17
Harrison Smith,MIN,0,0,0,0,0,0,0,0,0,0,0,0,0,0,2,0,S,36,15
Hassan Haskins,LAC,0,0,0,0,0,0,47,0,17,0,13,0,4,4,0,0,RB,26,12
Hayden Rucci,MIA,0,0,0,0,0,0,0,0,0,0,0,0,0,0,0,0,TE,24,4
Henry To'oTo'o,HOU,0,0,0,0,0,0,0,0,0,0,0,0,0,0,0,0,LB,24,17
Hjalte Froholdt,ARI,0,0,0,0,0,0,0,0,0,0,0,0,0,0,0,0,OL,29,17
Hogan Hatten,DET,0,0,0,0,0,0,0,0,0,0,0,0,0,0,0,0,LS,25,17
Howard Cross III,CIN,0,0,0,0,0,0,0,0,0,0,0,0,0,0,0,0,DT,24,4
Hunter Henry,NWE,0,0,0,0,0,0,0,0,0,0,768,7,60,87,0,0,TE,31,17
Hunter Long,JAX,0,0,0,0,0,0,0,0,0,1,85,2,12,17,0,0,TE,27,9
Hunter Luepke,DAL,0,0,0,0,0,0,71,0,16,0,109,1,13,15,0,0,RB,25,17
Hunter Renfrow,CAR,0,0,0,0,0,0,0,0,0,0,89,2,15,26,0,0,WR,30,6
Ian Thomas,LVR,0,0,0,0,0,0,0,0,0,0,114,0,13,13,0,0,TE,29,15
Ifeatu Melifonwu,MIA,0,0,0,0,0,0,0,0,0,0,0,0,0,0,1,0,S,26,16
Isaac Guerendo,SFO,0,0,0,0,0,0,0,0,0,0,0,0,0,0,0,0,RB,25,14
Isaac TeSlaa,DET,0,0,0,0,0,0,0,0,0,0,239,6,16,27,0,0,WR,23,17
Isaac Yiadom,NOR,0,0,0,0,0,0,0,0,0,0,0,0,0,0,0,0,CB,29,14
Isaiah Bond,CLE,0,0,0,0,0,0,29,0,5,0,338,0,18,44,0,0,WR,21,16
Isaiah Davis,NYJ,0,0,0,0,0,0,236,1,43,0,186,0,21,28,0,0,RB,23,16
Isaiah Foskey,CIN,0,0,0,0,0,0,0,0,0,0,0,0,0,0,0,0,DE,25,8
Isaiah Hodgins,NYG,0,0,0,0,0,0,0,0,0,0,115,1,10,19,0,0,WR,27,7
Isaiah Johnson,MIA,0,0,0,0,0,0,0,0,0,0,0,0,0,0,0,0,CB,25,4
Isaiah Likely,BAL,0,0,0,0,0,0,0,0,0,2,307,1,27,36,0,0,TE,25,14
Isaiah McDuffie,GNB,0,0,0,0,0,0,0,0,0,0,0,0,0,0,1,0,LB,26,17
Isaiah McGuire,CLE,0,0,0,0,0,0,0,0,0,0,0,0,0,0,0,0,DE,24,17
Isaiah Oliver,NYJ,0,0,0,0,0,0,0,0,0,0,0,0,0,0,0,0,S,29,14
Isaiah Pola-Mao,LVR,0,0,0,0,0,0,3,0,1,0,0,0,0,0,2,0,S,26,17
Isaiah Rodgers,MIN,0,0,0,0,0,0,0,0,0,0,0,0,0,0,1,0,CB,27,17
Isaiah Simmons,CAR,0,0,0,0,0,0,0,0,0,0,0,0,0,0,0,0,S,27,5
Isaiah Stalbird,NOR,0,0,0,0,0,0,0,0,0,0,0,0,0,0,0,0,LB,25,17
Isaiah Williams,NYJ,0,0,1,0,0,0,34,0,3,1,193,0,26,36,0,0,WR,24,15
Isiah Pacheco,KAN,0,0,0,0,0,0,462,1,118,0,101,1,19,26,0,0,RB,26,13
Ivan Pace,MIN,0,0,0,0,0,0,0,0,0,0,0,0,0,0,0,0,LB,25,17
J.J. McCarthy,MIN,1632,11,243,140,12,27,181,4,37,6,0,0,0,0,0,0,QB,22,10
J.K. Dobbins,DEN,0,0,0,0,0,0,772,4,153,0,37,0,11,14,0,0,RB,27,10
J.T. Gray,TAM,0,0,0,0,0,0,0,0,0,0,0,0,0,0,0,0,S,29,4
JC Latham,TEN,0,0,0,0,0,0,0,0,0,0,0,0,0,0,0,0,OT,22,13
JD Bertrand,ATL,0,0,0,0,0,0,0,0,0,0,0,0,0,0,0,0,LB,25,15
JJ Pegues,LVR,0,0,0,0,0,0,0,0,0,0,0,0,0,0,0,0,DT,24,9
JL Skinner,DEN,0,0,0,0,0,0,0,0,0,0,0,0,0,0,0,0,S,24,17
JT Tuimoloau,IND,0,0,0,0,0,0,0,0,0,0,0,0,0,0,0,0,DE,22,13
Ja'Marcus Ingram,2TM,0,0,0,0,0,0,0,0,0,0,0,0,0,0,0,0,CB,28,11
Ja'Markis Weston,NYJ,0,0,0,0,0,0,0,0,0,0,0,0,0,0,0,0,LB,25,3
Ja'Marr Chase,CIN,0,0,0,0,0,0,14,0,3,1,1412,8,125,185,0,0,WR,25,16
Ja'Quan McMillian,DEN,0,0,0,0,0,0,0,0,0,0,0,0,0,0,2,0,CB,25,17
Ja'Sir Taylor,2TM,0,0,0,0,0,0,0,0,0,0,0,0,0,0,0,0,CB,26,17
Ja'Tavion Sanders,CAR,0,0,0,0,0,0,0,0,0,0,190,1,29,34,0,0,TE,22,13
Jabrill Peppers,PIT,0,0,0,0,0,0,0,0,0,0,0,0,0,0,0,0,S,30,14
Jacardia Wright,SEA,0,0,0,0,0,0,20,0,5,0,0,0,0,0,0,0,RB,25,1
Jack Bech,LVR,0,0,0,0,0,0,0,0,0,0,224,0,20,29,0,0,WR,23,16
Jack Campbell,DET,0,0,0,0,0,0,0,0,0,0,0,0,0,0,0,0,LB,25,17
Jack Cochrane,KAN,0,0,0,0,0,0,0,0,0,0,0,0,0,0,1,0,LB,26,17
Jack Fox,DET,0,0,0,0,0,0,0,0,0,0,0,0,0,0,0,0,P,29,17
Jack Gibbens,NWE,0,0,0,0,0,0,0,0,0,0,0,0,0,0,0,0,LB,27,17
Jack Heflin,LAR,0,0,0,0,0,0,0,0,0,0,0,0,0,0,0,0,DE,27,1
Jack Jones,MIA,0,0,0,0,0,0,0,0,0,0,0,0,0,0,1,0,CB,28,17
Jack Kiser,JAX,0,0,0,0,0,0,0,0,0,0,0,0,0,0,0,0,LB,25,14
Jack Sanborn,DAL,0,0,0,0,0,0,0,0,0,0,0,0,0,0,0,0,MLB,25,6
Jack Sawyer,PIT,0,0,0,0,0,0,0,0,0,0,0,0,0,0,2,0,OLB,23,17
Jack Stoll,NOR,0,0,0,0,0,0,0,0,0,0,46,1,6,11,0,0,TE,27,15
Jack Westover,NWE,0,0,0,0,0,0,0,0,0,0,0,0,1,2,0,0,FB,26,17
Jackson Hawes,BUF,0,0,0,0,0,0,0,0,0,0,187,3,16,19,0,0,TE,25,17
Jackson Sirmon,NYJ,0,0,0,0,0,0,0,0,0,0,0,0,0,0,0,0,LB,25,1
Jackson Woodard,MIA,0,0,0,0,0,0,0,0,0,0,0,0,0,0,0,0,LB,23,3
Jacob Bobenmoyer,LVR,0,0,0,0,0,0,0,0,0,0,0,0,0,0,0,0,LS,28,17
Jacob Martin,WAS,0,0,0,0,0,0,0,0,0,0,0,0,0,0,0,0,DE,30,17
Jacob Parrish,TAM,0,0,0,0,0,0,0,0,0,0,0,0,0,0,2,0,CB,21,17
Jacob Saylors,DET,0,0,0,0,0,0,11,0,2,0,0,0,0,0,0,0,RB,24,16
Jacoby Brissett,ARI,3366,23,485,315,8,43,168,1,38,5,0,0,0,0,0,0,QB,33,14
Jacoby Jones,WAS,0,0,0,0,0,0,0,0,0,0,25,0,1,1,0,0,WR,24,1
Jacory Croskey-Merritt,WAS,0,0,0,0,0,0,805,8,175,4,68,0,9,13,0,0,RB,24,17
Jaden Crumedy,CAR,0,0,0,0,0,0,0,0,0,0,0,0,0,0,0,0,DT,25,3
Jaden Davis,ARI,0,0,0,0,0,0,0,0,0,0,0,0,0,0,0,0,CB,24,3
Jaden Hicks,KAN,0,0,0,0,0,0,0,0,0,0,0,0,0,0,0,0,DB,23,17
Jadeveon Clowney,DAL,0,0,0,0,0,0,0,0,0,0,0,0,0,0,0,0,DE,32,13
Jaelan Phillips,2TM,0,0,0,0,0,0,0,0,0,0,0,0,0,0,0,0,DT,26,17
Jahan Dotson,PHI,0,0,0,0,0,0,0,0,0,0,262,1,18,36,0,0,WR,25,17
Jahdae Barron,DEN,0,0,0,0,0,0,0,0,0,0,0,0,0,0,1,0,CB,24,17
Jahdae Walker,CHI,0,0,0,0,0,0,0,0,0,0,87,2,6,10,0,0,WR,23,9
Jahfari Harvey,LVR,0,0,0,0,0,0,0,0,0,0,0,0,0,0,0,0,DE,24,2
Jahlani Tavai,NWE,0,0,0,0,0,0,0,0,0,0,0,0,0,0,0,0,LB,29,12
Jahmyr Gibbs,DET,0,0,0,0,0,0,1223,13,243,2,616,5,77,94,0,0,RB,23,17
Jaire Alexander,BAL,0,0,0,0,0,0,0,0,0,0,0,0,0,0,0,0,CB,28,2
Jake Bailey,MIA,0,0,0,0,0,0,0,0,0,0,0,0,0,0,0,0,P,28,17
Jake Bates,DET,0,0,0,0,0,0,0,0,0,0,0,0,0,0,0,0,K,26,17
Jake Bobo,SEA,0,0,0,0,0,0,0,0,0,0,20,0,2,2,0,0,WR,27,11
Jake Browning,CIN,771,6,125,81,8,9,39,1,9,1,0,0,0,0,0,0,QB,29,5
Jake Elliott,PHI,0,0,0,0,0,0,0,0,0,0,0,0,0,0,0,0,K,30,17
Jake Ferguson,DAL,0,0,0,0,0,0,1,0,1,3,600,8,82,102,0,0,TE,26,17
Jake Hansen,HOU,0,0,0,0,0,0,0,0,0,0,0,0,0,0,0,0,LB,27,15
Jake Hummel,BAL,0,0,0,0,0,0,0,0,0,0,0,0,0,0,0,0,LB,26,17
Jake Matthews,ATL,0,0,0,0,0,0,0,0,0,0,0,0,0,1,0,0,T,33,17
Jake Tonges,SFO,0,0,0,0,0,0,0,0,0,0,293,5,34,46,0,0,TE,26,17
Jakob Johnson,HOU,0,0,0,0,0,0,0,0,0,0,0,0,0,0,0,0,FB,31,7
Jakobi Meyers,2TM,0,0,0,0,0,0,13,0,5,1,835,3,75,110,0,0,WR,29,16
Jakobi Meyers,JAX,0,0,0,0,0,0,0,0,0,0,0,0,0,0,0,0,WR,29,9
Jakobie Keeney-James,GNB,0,0,0,0,0,0,0,0,0,0,15,0,2,2,0,0,WR,25,1
Jakorian Bennett,PHI,0,0,0,0,0,0,0,0,0,0,0,0,0,0,0,0,CB,25,11
Jaleel McLaughlin,DEN,0,0,0,0,0,0,187,1,37,0,27,0,4,6,0,0,RB,25,8
Jalen Brooks,2TM,0,0,0,0,0,0,0,0,0,0,0,0,0,0,0,0,WR,25,6
Jalen Brooks,ARI,0,0,0,0,0,0,0,0,0,1,51,0,3,6,0,0,WR,25,5
Jalen Carter,PHI,0,0,0,0,0,0,0,0,0,0,0,0,0,0,0,0,DT,24,11
Jalen Coker,CAR,0,0,0,0,0,0,0,0,0,1,394,3,33,43,0,0,WR,24,11
Jalen Davis,CIN,0,0,0,0,0,0,0,0,0,0,0,0,0,0,1,0,CB,29,7
Jalen Graham,SFO,0,0,0,0,0,0,0,0,0,0,0,0,0,0,0,0,LB,24,3
Jalen Hurts,PHI,3224,25,454,294,6,32,421,8,105,8,0,0,0,0,0,0,QB,27,16
Jalen McMillan,TAM,0,0,0,0,0,0,1,0,1,0,178,0,12,15,0,0,WR,24,4
Jalen Mills,2TM,0,0,0,0,0,0,0,0,0,0,0,0,0,0,0,0,S,31,7
Jalen Milroe,SEA,0,0,0,0,0,0,4,0,3,1,0,0,0,0,0,0,QB,23,3
Jalen Moreno-Cropper,DAL,0,0,0,0,0,0,0,0,0,0,0,0,0,0,0,0,WR,24,3
Jalen Nailor,MIN,0,0,0,0,0,0,13,0,2,0,444,4,29,53,0,0,WR,26,17
Jalen Pitre,HOU,0,0,0,0,0,0,0,0,0,0,0,0,0,0,4,0,S,26,14
Jalen Ramsey,PIT,0,0,0,0,0,0,0,0,0,0,0,0,0,0,1,0,CB,31,17
Jalen Redmond,MIN,0,0,0,0,0,0,0,0,0,0,0,0,0,0,0,0,DL,26,17
Jalen Reeves-Maybin,CHI,0,0,0,0,0,0,0,0,0,0,0,0,0,0,0,0,LB,30,3
Jalen Rivers,CIN,0,0,0,0,0,0,0,0,0,0,0,0,0,0,0,0,G,23,16
Jalen Royals,KAN,0,0,0,0,0,0,0,0,0,0,4,0,2,3,0,0,WR,22,7
Jalen Thompson,ARI,0,0,0,0,0,0,0,0,0,0,0,0,0,0,0,0,S,27,15
Jalen Tolbert,DAL,0,0,0,0,0,0,0,0,0,0,203,1,18,34,0,0,WR,26,13
Jalin Hyatt,NYG,0,0,0,0,0,0,0,0,0,0,35,0,5,14,0,0,WR,24,8
Jalon Walker,ATL,0,0,0,0,0,0,0,0,0,0,0,0,0,0,0,0,DE,21,15
Jalyn Armour-Davis,TEN,0,0,0,0,0,0,0,0,0,0,0,0,0,0,0,0,CB,26,11
Jalyn Holmes,WAS,0,0,0,0,0,0,0,0,0,0,0,0,0,0,0,0,DE,29,10
Jalyx Hunt,PHI,0,0,0,0,0,0,0,0,0,0,0,0,0,0,3,0,OLB,24,17
Jamal Adams,LVR,0,0,0,0,0,0,0,0,0,0,0,0,0,0,0,0,LB,30,17
Jamal Agnew,ATL,0,0,0,0,0,0,0,0,0,0,0,0,0,0,0,0,WR,30,11
Jamal Hill,HOU,0,0,0,0,0,0,0,0,0,0,0,0,0,0,0,0,LB,24,12
Jamaree Caldwell,LAC,0,0,0,0,0,0,0,0,0,0,0,0,0,0,0,0,DT,25,17
Jamari Thrash,CLE,0,0,0,0,0,0,0,0,0,0,107,0,10,15,0,0,WR,25,9
Jameis Winston,NYG,567,2,66,37,2,3,23,1,7,1,33,1,1,1,0,0,QB,31,3
Jamel Dean,TAM,0,0,0,0,0,0,0,0,0,0,0,0,0,0,3,0,CB,29,14
James Conner,ARI,0,0,0,0,0,0,95,1,32,1,38,1,8,9,0,0,RB,30,3
James Cook,BUF,0,0,0,0,0,0,1621,12,309,6,291,2,33,40,0,0,RB,26,17
James Houston,DAL,0,0,0,0,0,0,0,0,0,0,0,0,0,0,0,0,DE,27,17
James Lynch,TEN,0,0,0,0,0,0,0,0,0,0,0,0,0,0,0,0,DL,26,17
James Mitchell,CAR,0,0,0,0,0,0,0,0,0,0,28,0,3,3,0,0,TE,26,5
James Pearce,ATL,0,0,0,0,0,0,0,0,0,0,0,0,0,0,0,0,DE,22,17
James Pierre,PIT,0,0,0,0,0,0,0,0,0,0,0,0,0,0,1,0,CB,29,14
James Proche,TEN,0,0,0,0,0,0,0,0,0,0,65,0,6,12,0,0,WR,29,9
James Williams,TEN,0,0,0,0,0,0,0,0,0,0,0,0,0,0,0,0,LB,22,16
James Winchester,KAN,0,0,0,0,0,0,0,0,0,0,0,0,0,0,0,0,LS,36,17
Jameson Williams,DET,0,0,0,0,0,0,12,0,6,0,1117,7,65,102,0,0,WR,24,17
Jamie Gillan,NYG,0,0,0,0,0,0,-13,0,1,0,0,0,0,0,0,0,P,28,16
Jamie Sheriff,SEA,0,0,0,0,0,0,0,0,0,0,0,0,0,0,0,0,LB,25,1
Jamien Sherwood,NYJ,0,0,0,0,0,0,0,0,0,0,0,0,0,0,0,0,LB,25,17
Jamin Davis,LVR,0,0,0,0,0,0,0,0,0,0,0,0,0,0,0,0,LB,27,2
Jammie Robinson,ATL,0,0,0,0,0,0,0,0,0,0,0,0,0,0,0,0,S,24,6
Jamon Johnson,GNB,0,0,0,0,0,0,0,0,0,0,0,0,0,0,0,0,LB,24,2
Jaquan Brisker,CHI,0,0,0,0,0,0,0,0,0,0,0,0,0,0,1,0,DB,26,17
Jared Goff,DET,4564,34,578,393,8,38,45,0,19,6,0,0,0,0,0,0,QB,31,17
Jared Verse,LAR,0,0,0,0,0,0,0,0,0,0,0,0,0,0,0,0,OLB,25,17
Jared Wayne,HOU,0,0,0,0,0,0,0,0,0,0,20,0,2,2,0,0,WR,25,1
Jared Wiley,KAN,0,0,0,0,0,0,0,0,0,0,4,0,1,1,0,0,TE,25,5
Jared Wilson,NWE,0,0,0,0,0,0,0,0,0,0,0,0,0,0,0,0,C,22,13
Jaret Patterson,LAC,0,0,0,0,0,0,159,1,41,0,8,0,3,4,0,0,RB,26,6
Jarius Monroe,NYJ,0,0,0,0,0,0,0,0,0,0,0,0,0,0,0,0,S,25,4
Jarran Reed,SEA,0,0,0,0,0,0,0,0,0,0,0,0,0,0,0,0,NT,33,13
Jarrett Stidham,DEN,0,0,0,0,0,0,-1,0,1,0,0,0,0,0,0,0,QB,29,1
Jarrian Jones,JAX,0,0,0,0,0,0,0,0,0,0,0,0,0,0,3,0,CB,24,17
Jarrick Bernard-Converse,NYG,0,0,0,0,0,0,0,0,0,0,0,0,0,0,0,0,CB,25,5
Jarvis Brownlee,2TM,0,0,0,0,0,0,0,0,0,0,0,0,0,0,0,0,CB,24,9
Jason Brownlee,KAN,0,0,0,0,0,0,0,0,0,0,0,0,0,1,0,0,WR,26,6
Jason Marshall,MIA,0,0,0,0,0,0,0,0,0,0,0,0,0,0,1,0,CB,23,12
Jason Myers,SEA,0,0,0,0,0,0,0,0,0,0,0,0,0,0,0,0,K,34,17
Jason Pinnock,SFO,0,0,0,0,0,0,0,0,0,0,0,0,0,0,0,0,S,26,17
Jauan Jennings,SFO,0,0,0,0,0,0,0,0,0,1,643,9,55,90,0,0,WR,28,15
Javon Bullard,GNB,0,0,0,0,0,0,0,0,0,0,0,0,0,0,0,0,S,23,17
Javon Hargrave,MIN,0,0,0,0,0,0,0,0,0,0,0,0,0,0,0,0,DL,32,16
Javon Kinlaw,WAS,0,0,0,0,0,0,0,0,0,0,0,0,0,0,0,0,DT,28,17
Javon Solomon,BUF,0,0,0,0,0,0,0,0,0,0,0,0,0,0,0,0,DE,24,17
Javontae Jean-Baptiste,WAS,0,0,0,0,0,0,0,0,0,0,0,0,0,0,0,0,DE,25,3
Javonte Williams,DAL,0,0,0,0,0,0,1201,11,252,2,137,2,35,51,0,0,RB,25,16
Jawhar Jordan,HOU,0,0,0,0,0,0,193,0,43,0,34,0,7,7,0,0,RB,26,4
Jaxon Smith-Njigba,SEA,0,0,0,0,0,0,36,0,7,3,1793,10,119,163,0,0,WR,23,17
Jaxson Dart,NYG,2272,15,339,216,5,35,487,9,86,5,0,0,0,0,0,0,QB,22,14
Jay Higgins,BAL,0,0,0,0,0,0,0,0,0,0,0,0,0,0,0,0,LB,23,11
Jay Toia,DAL,0,0,0,0,0,0,0,0,0,0,0,0,0,0,0,0,DT,22,5
Jay Tufele,NYJ,0,0,0,0,0,0,0,0,0,0,0,0,0,0,0,0,DT,26,12
Jay Ward,MIN,0,0,0,0,0,0,0,0,0,0,0,0,0,0,0,0,S,25,17
Jaycee Horn,CAR,0,0,0,0,0,0,0,0,0,0,0,0,0,0,5,0,CB,26,16
Jayden Daniels,WAS,1262,8,188,114,3,18,278,2,58,3,0,0,0,0,0,0,QB,25,7
Jayden Higgins,HOU,0,0,0,0,0,0,0,0,0,0,525,6,41,68,0,0,WR,23,17
Jayden Reed,GNB,0,0,0,0,0,0,28,0,3,0,207,1,19,22,0,0,WR,25,7
Jaydon Blue,DAL,0,0,0,0,0,0,129,1,38,1,5,0,1,1,0,0,RB,21,5
Jaylan Ford,NOR,0,0,0,0,0,0,0,0,0,0,0,0,0,0,0,0,LB,24,17
Jaylen Harrell,TEN,0,0,0,0,0,0,0,0,0,0,0,0,0,0,0,0,OLB,23,17
Jaylen McCollough,LAR,0,0,0,0,0,0,0,0,0,0,0,0,0,0,0,0,S,25,17
Jaylen Reed,HOU,0,0,0,0,0,0,0,0,0,0,0,0,0,0,0,0,S,22,7
Jaylen Waddle,MIA,8,0,1,1,0,0,28,0,2,1,910,6,64,100,0,0,WR,27,16
Jaylen Warren,PIT,0,0,0,0,0,0,958,6,211,1,333,2,40,45,0,0,RB,27,16
Jaylen Watson,KAN,0,0,0,0,0,0,0,0,0,0,0,0,0,0,2,0,CB,27,15
Jaylen Wright,MIA,0,0,0,0,0,0,288,2,70,2,44,0,5,9,0,0,RB,22,10
Jaylin Lane,WAS,0,0,0,0,0,0,7,0,1,3,225,0,16,32,0,0,WR,23,15
Jaylin Noel,HOU,0,0,0,0,0,0,12,0,6,0,292,2,26,35,0,0,WR,23,17
Jaylin Simpson,GNB,0,0,0,0,0,0,0,0,0,0,0,0,0,0,0,0,CB,25,1
Jaylin Smith,HOU,0,0,0,0,0,0,0,0,0,0,0,0,0,0,0,0,CB,22,4
Jaylinn Hawkins,NWE,0,0,0,0,0,0,0,0,0,0,0,0,0,0,4,0,S,28,15
Jaylon Carlies,IND,0,0,0,0,0,0,0,0,0,0,0,0,0,0,0,0,LB,24,3
Jaylon Johnson,CHI,0,0,0,0,0,0,0,0,0,0,0,0,0,0,1,0,DB,26,7
Jaylon Jones,CHI,0,0,0,0,0,0,0,0,0,0,0,0,0,0,0,0,CB,28,15
Jaylon Jones,IND,0,0,0,0,0,0,0,0,0,0,0,0,0,0,0,0,CB,23,10
Jeff Okudah,MIN,0,0,0,0,0,0,0,0,0,0,0,0,0,0,0,0,CB,26,6
Jeffery Simmons,TEN,0,0,0,0,0,0,0,0,0,0,1,1,1,1,0,0,DT,28,15
Jeffrey Bassa,KAN,0,0,0,0,0,0,0,0,0,0,0,0,0,0,0,0,LB,23,17
Jelani Woods,NYJ,0,0,0,0,0,0,0,0,0,0,4,0,1,3,0,0,TE,27,4
Jer'Zhan Newton,WAS,0,0,0,0,0,0,0,0,0,0,0,0,0,0,0,0,DT,23,17
Jeremiah Moon,PIT,0,0,0,0,0,0,0,0,0,0,0,0,0,0,0,0,LB,27,2
Jeremiah Pharms,NWE,0,0,0,0,0,0,0,0,0,0,0,0,0,0,0,0,DT,29,3
Jeremiah Trotter Jr.,PHI,0,0,0,0,0,0,0,0,0,0,0,0,0,0,0,0,LB,23,17
Jeremy Chinn,LVR,0,0,0,0,0,0,0,0,0,0,0,0,0,0,0,0,S,27,15
Jeremy Crawshaw,DEN,0,0,0,0,0,0,0,0,0,0,0,0,0,0,0,0,P,24,17
Jeremy McNichols,WAS,0,0,0,0,0,0,221,1,44,1,196,0,25,31,0,0,RB,30,17
Jeremy Reaves,WAS,0,0,0,0,0,0,0,0,0,0,0,0,0,0,1,0,S,29,17
Jeremy Ruckert,NYJ,0,0,0,0,0,0,0,0,0,0,179,1,23,29,0,0,TE,25,17
Jermaine Johnson II,NYJ,0,0,0,0,0,0,0,0,0,0,0,0,0,0,0,0,LB,26,14
Jerome Baker,CLE,0,0,0,0,0,0,0,0,0,0,0,0,0,0,0,0,LB,29,17
Jerome Ford,CLE,0,0,0,0,0,0,73,0,24,0,103,0,26,32,0,0,RB,26,13
Jerrick Reed,2TM,0,0,0,0,0,0,0,0,0,0,0,0,0,0,0,0,S,25,8
Jerry Jeudy,CLE,0,0,0,0,0,0,5,0,1,1,602,2,50,106,0,0,WR,26,17
Jerry Tillery,KAN,0,0,0,0,0,0,0,0,0,0,0,0,0,0,0,0,DL,29,17
Jessie Bates III,ATL,0,0,0,0,0,0,0,0,0,0,0,0,0,0,3,0,S,28,17
Jevon Holland,NYG,0,0,0,0,0,0,0,0,0,0,0,0,0,0,1,0,S,25,14
Ji'Ayir Brown,SFO,0,0,0,0,0,0,0,0,0,0,0,0,0,0,2,0,S,25,17
Jihaad Campbell,PHI,0,0,0,0,0,0,0,0,0,0,0,0,0,0,1,0,LB,21,17
Jihad Ward,TEN,0,0,0,0,0,0,0,0,0,0,0,0,0,0,0,0,OLB,31,17
Jimmy Garoppolo,LAR,0,0,0,0,0,0,-10,0,9,0,0,0,0,0,0,0,QB,34,3
Jimmy Horn,CAR,0,0,0,0,0,0,69,0,8,0,108,0,11,15,0,0,WR,23,13
Joe Andreessen,BUF,0,0,0,0,0,0,0,0,0,0,0,0,0,0,0,0,LB,25,17
Joe Bachie,2TM,0,0,0,0,0,0,0,0,0,0,0,0,0,0,0,0,LB/WLB,27,15
Joe Burrow,CIN,1809,17,259,173,5,17,41,0,14,0,0,0,0,0,0,0,QB,29,8
Joe Cardona,MIA,0,0,0,0,0,0,0,0,0,0,0,0,0,0,0,0,LS,33,17
Joe Flacco,2TM,2479,15,416,251,10,18,35,1,21,3,0,0,0,0,0,0,QB,40,13
Joe Giles-Harris,CIN,0,0,0,0,0,0,0,0,0,0,0,0,0,0,0,0,LB,28,10
Joe Milton,DAL,183,1,24,15,2,0,50,0,5,1,0,0,0,0,0,0,QB,25,4
Joe Tryon-Shoyinka,2TM,0,0,0,0,0,0,0,0,0,0,0,0,0,0,0,0,DL,26,16
Joey Bosa,BUF,0,0,0,0,0,0,0,0,0,0,0,0,0,0,0,0,DE,30,15
Joey Porter Jr.,PIT,0,0,0,0,0,0,0,0,0,0,0,0,0,0,1,0,CB,25,14
Joey Slye,TEN,0,0,0,0,0,0,0,0,0,0,0,0,0,0,0,0,K,29,16
John Bates,WAS,0,0,0,0,0,0,0,0,0,0,103,1,11,16,0,0,TE,28,15
John Bullock,TAM,0,0,0,0,0,0,0,0,0,0,0,0,0,0,0,0,LB,24,15
John FitzPatrick,GNB,0,0,0,0,0,0,0,0,0,0,72,1,12,15,0,0,TE,25,15
John Franklin-Myers,DEN,0,0,0,0,0,0,0,0,0,0,0,0,0,0,0,0,DL,29,16
John Jenkins,BAL,0,0,0,0,0,0,0,0,0,0,0,0,0,0,0,0,DT,36,17
John Metchie,2TM,0,0,0,0,0,0,-5,0,3,0,274,2,33,48,0,0,WR,25,16
John Metchie,PHI,0,0,0,0,0,0,0,0,0,0,0,0,0,0,0,0,WR,25,7
John Ridgeway,NOR,0,0,0,0,0,0,0,0,0,0,0,0,0,0,0,0,DT,26,4
Johnathan Baldwin,GNB,0,0,0,0,0,0,0,0,0,0,0,0,0,0,0,0,S,22,1
Johnathan Edwards,IND,0,0,0,0,0,0,0,0,0,0,0,0,0,0,0,0,CB,24,14
Johnny Hekker,TEN,0,0,0,0,0,0,0,0,0,0,0,0,0,0,0,0,P,35,17
Johnny Mundt,JAX,0,0,0,0,0,0,0,0,0,0,111,0,9,19,0,0,TE,31,16
Jon Rhattigan,LVR,0,0,0,0,0,0,0,0,0,0,0,0,0,0,0,0,LB,26,12
Jon Runyan Jr.,NYG,0,0,0,0,0,0,0,0,0,0,0,0,0,0,0,0,G,28,16
Jon Weeks,SFO,0,0,0,0,0,0,0,0,0,0,0,0,0,0,0,0,LS,39,17
Jonah Elliss,DEN,0,0,0,0,0,0,0,0,0,0,0,0,0,0,0,0,OLB,22,13
Jonah Laulu,LVR,0,0,0,0,0,0,0,0,0,0,0,0,0,0,0,0,DT,25,17
Jonah Williams,NOR,0,0,0,0,0,0,0,0,0,0,0,0,0,0,0,0,DE,30,15
Jonas Sanker,NOR,0,0,0,0,0,0,0,0,0,0,0,0,0,0,2,0,S,23,17
Jonathan Allen,MIN,0,0,0,0,0,0,0,0,0,0,0,0,0,0,0,0,DL,30,17
Jonathan Bullard,NOR,0,0,0,0,0,0,0,0,0,0,0,0,0,0,0,0,DE,32,15
Jonathan Ford,2TM,0,0,0,0,0,0,0,0,0,0,0,0,0,0,0,0,DL,26,9
Jonathan Greenard,MIN,0,0,0,0,0,0,0,0,0,0,0,0,0,0,0,0,OLB,28,12
Jonathan Jones,WAS,0,0,0,0,0,0,0,0,0,0,0,0,0,0,0,0,CB,32,12
Jonathan Mingo,DAL,0,0,0,0,0,0,0,0,0,0,25,0,1,5,0,0,WR,24,6
Jonathan Owens,CHI,0,0,0,0,0,0,0,0,0,0,0,0,0,0,0,0,S,30,17
Jonathan Taylor,IND,0,0,0,0,0,0,1585,18,323,2,378,2,46,55,0,0,RB,26,17
Jonathon Cooper,DEN,0,0,0,0,0,0,0,0,0,0,0,0,0,0,0,0,OLB,27,17
Jonnu Smith,PIT,0,0,0,0,0,0,70,1,9,1,222,2,38,54,0,0,TE,30,17
Jordan Addison,MIN,0,0,0,0,0,0,81,1,2,0,610,3,42,79,0,0,WR,23,14
Jordan Battle,CIN,0,0,0,0,0,0,0,0,0,0,0,0,0,0,4,0,S,25,17
Jordan Burch,ARI,0,0,0,0,0,0,0,0,0,0,0,0,0,0,0,0,OLB,24,17
Jordan Clark,NYJ,0,0,0,0,0,0,0,0,0,0,0,0,0,0,0,0,CB,24,6
Jordan Colbert,MIA,0,0,0,0,0,0,0,0,0,0,0,0,0,0,0,0,S,25,5
Jordan Davis,PHI,0,0,0,0,0,0,0,0,0,0,0,0,0,0,0,0,DT,25,17
Jordan Elliott,SFO,0,0,0,0,0,0,0,0,0,0,0,0,0,0,0,0,DL,28,16
Jordan Fuller,ATL,0,0,0,0,0,0,0,0,0,0,0,0,0,0,0,0,S,27,6
Jordan Hancock,BUF,0,0,0,0,0,0,0,0,0,0,0,0,0,0,0,0,DB,22,13
Jordan Howden,NOR,0,0,0,0,0,0,0,0,0,0,0,0,0,0,0,0,DB,25,16
Jordan Jackson,DEN,0,0,0,0,0,0,0,0,0,0,0,0,0,0,0,0,DL,27,5
Jordan Love,GNB,3381,23,439,291,6,21,199,0,47,7,0,0,0,0,0,0,QB,27,15
Jordan Magee,WAS,0,0,0,0,0,0,0,0,0,0,0,0,0,0,0,0,LB,24,17
Jordan Mason,MIN,0,0,0,0,0,0,758,6,159,3,51,0,14,16,0,0,RB,26,16
Jordan Meredith,LVR,0,0,0,0,0,0,0,0,0,0,0,0,0,0,0,0,G,27,13
Jordan Mims,TEN,0,0,0,0,0,0,0,0,0,0,0,0,0,0,0,0,RB,26,1
Jordan Phillips,BUF,0,0,0,0,0,0,0,0,0,0,0,0,0,0,0,0,DT,33,11
Jordan Phillips,MIA,0,0,0,0,0,0,0,0,0,0,0,0,0,0,0,0,DT,21,17
Jordan Poyer,BUF,0,0,0,0,0,0,0,0,0,0,0,0,0,0,1,0,S,34,10
Jordan Stout,BAL,0,0,0,0,0,0,0,0,0,0,0,0,0,0,0,0,P,27,17
Jordan Turner,DEN,0,0,0,0,0,0,0,0,0,0,0,0,0,0,0,0,LB,24,7
Jordan Watkins,SFO,0,0,0,0,0,0,0,0,0,0,26,0,2,3,0,0,WR,23,4
Jordan Whittington,LAR,0,0,0,0,0,0,12,0,3,0,171,0,18,25,0,0,WR,25,17
Jordon Riley,GNB,0,0,0,0,0,0,0,0,0,0,0,0,0,0,0,0,DL,27,4
Jordyn Brooks,MIA,0,0,0,0,0,0,0,0,0,0,0,0,0,0,0,0,LB,28,17
Josaiah Stewart,LAR,0,0,0,0,0,0,0,0,0,0,0,0,0,0,0,0,OLB,22,17
Joseph Ossai,CIN,0,0,0,0,0,0,0,0,0,0,0,0,0,0,0,0,DE,25,14
Josh Allen,BUF,3668,25,460,319,10,40,579,14,112,7,0,0,0,0,0,0,QB,29,17
Josh Blackwell,CHI,0,0,0,0,0,0,0,0,0,0,0,0,0,0,0,0,DB,26,15
Josh Butler,DAL,0,0,0,0,0,0,0,0,0,0,0,0,0,0,0,0,CB,29,1
Josh Conerly,WAS,0,0,0,0,0,0,0,0,0,0,0,0,0,0,0,0,OT,22,17
Josh Downs,IND,0,0,0,0,0,0,-2,0,2,1,566,4,58,88,0,0,WR,24,16
Josh Harris,LAC,0,0,0,0,0,0,0,0,0,0,0,0,0,0,0,0,LS,36,8
Josh Hayes,TAM,0,0,0,0,0,0,0,0,0,0,0,0,0,0,0,0,CB,26,17
Josh Hines-Allen,JAX,0,0,0,0,0,0,0,0,0,0,0,0,0,0,0,0,DE,28,17
Josh Jacobs,GNB,0,0,0,0,0,0,929,13,234,3,282,1,36,44,0,0,RB,27,15
Josh Jobe,SEA,0,0,0,0,0,0,0,0,0,0,0,0,0,0,1,0,CB,27,16
Josh Johnson,WAS,372,1,54,34,2,2,55,1,12,2,0,0,0,0,0,0,QB,39,5
Josh Metellus,MIN,0,0,0,0,0,0,0,0,0,0,0,0,0,0,2,0,S,27,14
Josh Myers,NYJ,0,0,0,0,0,0,0,0,0,0,0,0,0,0,0,0,C,27,17
Josh Newton,CIN,0,0,0,0,0,0,0,0,0,0,0,0,0,0,0,0,CB,25,14
Josh Oliver,MIN,0,0,0,0,0,0,0,0,0,0,160,4,15,19,0,0,TE,28,15
Josh Palmer,BUF,0,0,0,0,0,0,0,0,0,0,303,0,22,37,0,0,WR,26,12
Josh Reynolds,NYJ,0,0,0,0,0,0,0,0,0,0,101,0,11,21,0,0,WR,30,5
Josh Sweat,ARI,0,0,0,0,0,0,0,0,0,0,0,0,0,0,0,0,OLB,28,17
Josh Tupou,BAL,0,0,0,0,0,0,0,0,0,0,0,0,0,0,0,0,NT,31,3
Josh Wallace,LAR,0,0,0,0,0,0,0,0,0,0,0,0,0,0,1,0,CB,25,15
Josh Whyle,GNB,0,0,0,0,0,0,0,0,0,0,36,1,5,6,0,0,TE,26,8
Josh Williams,TAM,0,0,0,0,0,0,11,0,4,0,0,0,0,0,0,0,RB,25,3
Josh Woods,ATL,0,0,0,0,0,0,0,0,0,0,0,0,0,0,0,0,LB,29,12
Joshua Dobbs,NWE,65,0,10,7,0,0,-5,0,10,0,0,0,0,0,0,0,QB,30,4
Joshua Farmer,NWE,0,0,0,0,0,0,0,0,0,0,0,0,0,0,0,0,DT,22,13
Joshua Karty,LAR,0,0,1,0,0,0,0,0,0,0,0,0,0,0,0,0,K,23,8
Joshua Uche,PHI,0,0,0,0,0,0,0,0,0,0,0,0,0,0,0,0,OLB,27,12
Joshua Williams,KAN,0,0,0,0,0,0,0,0,0,0,0,0,0,0,0,0,CB,26,15
Josiah Deguara,ARI,0,0,0,0,0,0,0,0,0,0,21,1,3,5,0,0,TE,28,12
Jourdan Lewis,JAX,0,0,0,0,0,0,0,0,0,0,0,0,0,0,2,0,CB,30,12
Jowon Briggs,NYJ,0,0,0,0,0,0,0,0,0,0,0,0,0,0,0,0,DT,24,17
JuJu Smith-Schuster,KAN,0,0,0,0,0,0,0,0,0,0,345,1,33,45,0,0,WR,29,17
Juan Thornhill,PIT,0,0,0,0,0,0,0,0,0,0,0,0,0,0,0,0,S,30,9
Juanyeh Thomas,DAL,0,0,0,0,0,0,0,0,0,0,0,0,0,0,0,0,S,25,7
Julian Ashby,NWE,0,0,0,0,0,0,0,0,0,0,0,0,0,0,0,0,LS,23,17
Julian Blackmon,NOR,0,0,0,0,0,0,0,0,0,0,0,0,0,0,0,0,S,27,1
Julian Hill,MIA,0,0,0,0,0,0,0,0,0,0,140,0,15,20,0,0,TE,25,14
Julian Love,SEA,0,0,0,0,0,0,0,0,0,0,0,0,0,0,1,0,FS,27,8
Julius Brents,MIA,0,0,0,0,0,0,0,0,0,0,0,0,0,0,0,0,CB,25,7
Julius Chestnut,TEN,0,0,0,0,0,0,40,0,11,0,0,0,0,2,0,0,RB,25,17
Justice Hill,BAL,0,0,0,0,0,0,93,2,18,1,169,1,21,27,0,0,RB,28,10
Justin Eboigbe,LAC,0,0,0,0,0,0,0,0,0,0,0,0,0,0,0,0,DL,24,17
Justin Fields,NYJ,1259,7,204,128,1,27,383,4,71,4,0,0,0,1,0,0,QB,26,9
Justin Herbert,LAC,3727,26,512,340,13,54,498,2,83,7,0,0,0,0,0,0,QB,27,16
Justin Jefferson,MIN,0,0,0,0,0,0,7,0,2,0,1048,2,84,141,0,0,WR,26,17
Justin Reid,NOR,0,0,0,0,0,0,0,0,0,0,0,0,0,0,1,0,S,28,15
Justin Shorter,LVR,0,0,0,0,0,0,0,0,0,0,0,0,0,0,0,0,WR,25,7
Justin Strnad,DEN,0,0,0,0,0,0,0,0,0,0,0,0,0,0,1,0,LB,29,16
Justin Watson,HOU,0,0,0,0,0,0,0,0,0,0,30,0,3,4,0,0,WR,29,3
Juwan Johnson,NOR,0,0,0,0,0,0,0,0,0,2,889,3,77,102,0,0,TE,29,17
K'Lavon Chaisson,NWE,0,0,0,0,0,0,0,0,0,0,0,0,0,0,0,0,LB,26,16
K'Von Wallace,HOU,0,0,0,0,0,0,0,0,0,0,0,0,0,0,0,0,CB,28,3
K.J. Britt,MIA,0,0,0,0,0,0,0,0,0,0,0,0,0,0,0,0,LB,26,17
Ka'imi Fairbairn,HOU,0,0,0,0,0,0,0,0,0,0,0,0,0,0,0,0,K,31,15
KaVontae Turpin,DAL,0,0,0,0,0,0,89,0,17,1,396,2,26,38,0,0,WR,29,15
Kaden Davis,CLE,0,0,0,0,0,0,0,0,0,0,0,0,0,0,0,0,WR,27,2
Kaden Elliss,ATL,0,0,0,0,0,0,0,0,0,0,0,0,0,0,1,0,LB,30,17
Kaevon Merriweather,2TM,0,0,0,0,0,0,0,0,0,0,0,0,0,0,0,0,S,26,13
Kaiir Elam,2TM,0,0,0,0,0,0,0,0,0,0,0,0,0,0,0,0,CB,24,14
Kain Medrano,WAS,0,0,0,0,0,0,0,0,0,0,0,0,0,0,0,0,LB,24,9
Kaleb Johnson,PIT,0,0,0,0,0,0,69,0,28,1,9,0,1,2,0,0,RB,22,10
Kalel Mullings,TEN,0,0,0,0,0,0,7,0,3,0,0,0,0,0,0,0,RB,23,9
Kalia Davis,SFO,0,0,0,0,0,0,0,0,0,0,0,0,0,0,0,0,DL,27,17
Kalif Raymond,DET,0,0,0,0,0,0,19,0,2,0,289,1,24,30,0,0,WR,31,15
Kamal Hadden,GNB,0,0,0,0,0,0,0,0,0,0,0,0,0,0,0,0,CB,24,10
Kamari Lassiter,HOU,0,0,0,0,0,0,0,0,0,0,0,0,0,0,4,0,CB,22,16
Kameron Johnson,TAM,0,0,0,0,0,0,13,0,2,2,64,1,4,7,0,0,WR,23,17
Kamren Curl,LAR,0,0,0,0,0,0,0,0,0,0,0,0,0,0,2,0,S,26,17
Kamren Kinchens,LAR,0,0,0,0,0,0,0,0,0,0,0,0,0,0,2,0,S,23,17
Kareem Hunt,KAN,0,0,0,0,0,0,611,8,163,2,143,1,18,25,0,0,RB,30,17
Karene Reid,DEN,0,0,0,0,0,0,0,0,0,0,0,0,0,0,0,0,LB,25,10
Karl Brooks,GNB,0,0,0,0,0,0,0,0,0,0,0,0,0,0,0,0,DL,25,16
Kayshon Boutte,NWE,0,0,0,0,0,0,0,0,0,0,551,6,33,46,0,0,WR,23,14
Kayvon Thibodeaux,NYG,0,0,0,0,0,0,0,0,0,0,0,0,0,0,0,0,OLB,25,10
Ke'Shawn Williams,CIN,0,0,0,0,0,0,10,0,2,0,5,0,1,1,0,0,WR,24,3
Ke'Shawn Williams,PIT,0,0,0,0,0,0,0,0,0,0,0,0,0,0,0,0,WR,24,8
KeAndre Lambert-Smith,LAC,0,0,0,0,0,0,0,0,0,0,51,1,5,12,0,0,WR,24,10
Keaton Mitchell,BAL,0,0,0,0,0,0,341,1,59,1,63,0,9,12,0,0,RB,23,13
Kedon Slovis,ARI,-2,0,2,1,0,0,0,0,0,0,0,0,0,0,0,0,QB,24,2
Keeanu Benton,PIT,0,0,0,0,0,0,0,0,0,0,0,0,0,0,0,0,DT,24,17
Keenan Allen,LAC,0,0,0,0,0,0,0,0,0,2,777,4,81,122,0,0,WR,33,17
Kei'Trel Clark,ARI,0,0,0,0,0,0,0,0,0,0,0,0,0,0,0,0,CB,24,14
Keidron Smith,NYJ,0,0,0,0,0,0,0,0,0,0,0,0,0,0,0,0,DB,26,3
Keion White,2TM,0,0,0,0,0,0,0,0,0,0,0,0,0,0,0,0,DE,26,14
Keisean Nixon,GNB,0,0,0,0,0,0,0,0,0,0,0,0,0,0,1,0,CB,28,17
Keith Taylor,ATL,0,0,0,0,0,0,0,0,0,0,0,0,0,0,0,0,CB,27,2
Kelee Ringo,PHI,0,0,0,0,0,0,0,0,0,0,0,0,0,0,0,0,CB,23,17
Keleki Latu,BUF,0,0,0,0,0,0,0,0,0,0,35,0,4,4,0,0,TE,23,5
Kemon Hall,TEN,0,0,0,0,0,0,0,0,0,0,0,0,0,0,0,0,CB,28,4
Kendall Milton,CIN,0,0,0,0,0,0,2,0,2,0,0,0,0,0,0,0,RB,23,1
Kendall Sheffield,MIA,0,0,0,0,0,0,0,0,0,0,0,0,0,0,0,0,CB,29,2
Kendall Williamson,LAC,0,0,0,0,0,0,0,0,0,0,0,0,0,0,0,0,S,25,17
Kendell Brooks,TEN,0,0,0,0,0,0,0,0,0,0,0,0,0,0,0,0,DB,25,11
Kendre Miller,NOR,0,0,0,0,0,0,193,1,47,0,30,0,5,5,0,0,RB,23,7
Kendrick Bourne,SFO,0,0,0,0,0,0,0,0,0,0,551,0,37,53,0,0,WR,30,16
Kene Nwangwu,NYJ,0,0,0,0,0,0,49,0,13,0,0,0,0,1,0,0,RB,27,12
Kenneth Gainwell,PIT,0,0,0,0,0,0,537,5,114,2,486,3,73,85,0,0,RB,26,17
Kenneth Grant,MIA,0,0,0,0,0,0,0,0,0,0,0,0,0,0,0,0,DT,22,17
Kenneth Murray,DAL,0,0,0,0,0,0,0,0,0,0,0,0,0,0,0,0,MLB,27,17
Kenneth Walker III,SEA,0,0,0,0,0,0,1027,5,221,1,282,0,31,36,0,0,RB,25,17
Kenny Clark,DAL,0,0,0,0,0,0,0,0,0,0,0,0,0,0,0,0,DT,30,17
Kenny Moore,IND,0,0,0,0,0,0,0,0,0,0,0,0,0,0,1,0,CB,30,14
Kenny Pickett,LVR,188,1,45,28,2,8,22,0,5,1,0,0,0,0,0,0,QB,27,6
Kentavius Street,ATL,0,0,0,0,0,0,0,0,0,0,0,0,0,0,0,0,DL,29,7
Keon Coleman,BUF,0,0,0,0,0,0,0,0,0,1,404,4,38,59,0,0,WR,22,13
Keondre Jackson,BAL,0,0,0,0,0,0,0,0,0,0,0,0,0,0,0,0,S,23,12
Keonta Jenkins,BUF,0,0,0,0,0,0,0,0,0,0,0,0,0,0,0,0,LB,23,3
Kerby Joseph,DET,0,0,0,0,0,0,0,0,0,0,0,0,0,0,3,0,S,25,6
Kevin Austin,NOR,0,0,0,0,0,0,0,0,0,0,140,1,13,23,0,0,WR,25,8
Kevin Byard,CHI,0,0,0,0,0,0,0,0,0,0,0,0,0,0,7,0,DB,32,17
Kevin Givens,SFO,0,0,0,0,0,0,0,0,0,0,0,0,0,0,0,0,DL,28,5
Kevin Knowles,KAN,0,0,0,0,0,0,0,0,0,0,0,0,0,0,0,0,CB,22,13
Kevin Winston,TEN,0,0,0,0,0,0,0,0,0,0,0,0,0,0,0,0,S,22,10
Keyon Martin,BAL,0,0,0,0,0,0,0,0,0,0,0,0,0,0,0,0,CB,24,13
KhaDarel Hodge,ATL,0,0,0,0,0,0,0,0,0,0,31,0,3,10,0,0,WR,30,12
Khalen Saunders,2TM,0,0,0,0,0,0,0,0,0,0,0,0,0,0,0,0,DT,29,9
Khalid Kareem,ATL,0,0,0,0,0,0,0,0,0,0,0,0,0,0,0,0,DE,27,4
Khalil Dorsey,DET,0,0,0,0,0,0,0,0,0,0,0,0,0,0,0,0,CB,27,11
Khalil Herbert,NYJ,0,0,0,0,0,0,52,0,16,0,4,0,1,4,0,0,RB,27,7
Khalil Mack,LAC,0,0,0,0,0,0,0,0,0,0,0,0,0,0,0,0,OLB,34,12
Khalil Shakir,BUF,0,0,0,0,0,0,5,0,1,1,719,4,72,95,0,0,WR,25,16
Khristian Boyd,NOR,0,0,0,0,0,0,0,0,0,0,0,0,0,0,0,0,DT,25,4
Khyiris Tonga,NWE,0,0,0,0,0,0,0,0,0,0,0,0,0,0,0,0,DL,29,14
Kimani Vidal,LAC,0,0,0,0,0,0,643,3,155,1,136,1,16,22,0,0,RB,24,13
Kindle Vildor,TAM,0,0,0,0,0,0,0,0,0,0,0,0,0,0,1,0,CB,28,12
Kingsley Enagbare,GNB,0,0,0,0,0,0,0,0,0,0,0,0,0,0,0,0,DL,25,17
Kingsley Jonathan,NYJ,0,0,0,0,0,0,0,0,0,0,0,0,0,0,0,0,DL,27,1
Kirk Cousins,ATL,1721,10,269,166,5,13,7,1,14,3,0,0,0,0,0,0,QB,37,10
Kitan Crawford,ARI,0,0,0,0,0,0,0,0,0,0,0,0,0,0,0,0,S,24,15
Kitan Oladapo,GNB,0,0,0,0,0,0,0,0,0,0,0,0,0,0,0,0,S,25,17
Ko Kieft,TAM,0,0,0,0,0,0,0,0,0,0,0,0,0,0,0,0,TE,27,3
Kobe King,2TM,0,0,0,0,0,0,0,0,0,0,0,0,0,0,0,0,LB,22,14
Kobee Minor,NWE,0,0,0,0,0,0,0,0,0,0,0,0,0,0,0,0,DB,23,4
Kobie Turner,LAR,0,0,0,0,0,0,0,0,0,0,0,0,0,0,1,0,DE,26,17
Konata Mumpfield,LAR,0,0,0,0,0,0,0,0,0,0,92,1,10,23,0,0,WR,23,17
Kool-Aid McKinstry,NOR,0,0,0,0,0,0,0,0,0,0,0,0,0,0,3,0,CB,23,17
Korie Black,NYG,0,0,0,0,0,0,0,0,0,0,0,0,0,0,0,0,CB,23,9
Kris Abrams-Draine,DEN,0,0,0,0,0,0,0,0,0,0,0,0,0,0,0,0,CB,24,17
Kris Jenkins,CIN,0,0,0,0,0,0,0,0,0,0,0,0,0,0,0,0,DT,24,14
Kristian Fulton,KAN,0,0,0,0,0,0,0,0,0,0,0,0,0,0,0,0,CB,27,8
Kristian Welch,GNB,0,0,0,0,0,0,0,0,0,0,0,0,0,0,0,0,LB,27,8
Krys Barnes,CAR,0,0,0,0,0,0,0,0,0,0,0,0,0,0,0,0,LB,27,7
Kwity Paye,IND,0,0,0,0,0,0,0,0,0,0,0,0,0,0,0,0,DE,27,17
Kyle Allen,DET,0,0,2,0,0,0,-3,0,3,0,0,0,0,0,0,0,QB,29,3
Kyle Dugger,2TM,0,0,0,0,0,0,0,0,0,0,0,0,0,0,2,0,S,29,16
Kyle Hamilton,BAL,0,0,0,0,0,0,0,0,0,0,0,0,0,0,0,0,S,24,16
Kyle Juszczyk,SFO,0,0,0,0,0,0,-3,0,2,0,213,2,24,28,0,0,FB,34,17
Kyle Kennard,LAC,0,0,0,0,0,0,0,0,0,0,0,0,0,0,0,0,OLB,24,5
Kyle Monangai,CHI,0,0,0,0,0,0,783,5,169,0,164,0,18,30,0,0,RB,23,17
Kyle Pitts,ATL,0,0,0,0,0,0,0,0,0,0,928,5,88,118,0,0,TE,25,17
Kyle Van Noy,BAL,0,0,0,0,0,0,0,0,0,0,0,0,0,0,1,0,OLB,34,15
Kyle Williams,NWE,0,0,0,0,0,0,3,0,2,0,209,3,10,21,0,0,WR,23,17
Kylen Granson,PHI,0,0,0,0,0,0,0,0,0,0,40,0,7,9,0,0,TE,27,17
Kyler Gordon,CHI,0,0,0,0,0,0,0,0,0,0,0,0,0,0,0,0,DB,26,3
Kyler Murray,ARI,962,6,161,110,3,16,173,1,29,1,0,0,0,0,0,0,QB,28,5
Kyren Williams,LAR,0,0,0,0,0,0,1252,10,259,2,281,3,36,50,0,0,RB,25,17
Kyu Blu Kelly,LVR,0,0,0,0,0,0,0,0,0,0,0,0,0,0,3,0,CB,24,13
Kyzir White,TEN,0,0,0,0,0,0,0,0,0,0,0,0,0,0,0,0,LB,29,1
L'Jarius Sneed,TEN,0,0,0,0,0,0,0,0,0,0,0,0,0,0,0,0,CB,28,7
L.J. Collier,ARI,0,0,0,0,0,0,0,0,0,0,0,0,0,0,0,0,DL,30,4
LaBryan Ray,CAR,0,0,0,0,0,0,0,0,0,0,0,0,0,0,0,0,DE,28,13
LaCale London,ATL,0,0,0,0,0,0,0,0,0,0,0,0,0,0,0,0,DL,28,13
LaJohntay Wester,BAL,0,0,0,0,0,0,0,0,0,0,0,0,0,0,0,0,WR,23,17
Ladd McConkey,LAC,0,0,0,0,0,0,0,0,0,0,789,6,66,106,0,0,WR,24,16
Laiatu Latu,IND,0,0,0,0,0,0,0,0,0,0,0,0,0,0,3,0,DE,25,16
Laken Tomlinson,HOU,0,0,0,0,0,0,0,0,0,0,0,0,0,0,0,0,LG,33,10
Lamar Jackson,BAL,2549,21,302,192,7,36,349,2,67,7,0,0,0,0,0,0,QB,28,13
Laquon Treadwell,IND,0,0,0,0,0,0,0,0,0,0,0,0,0,0,0,0,WR,30,10
Larrell Murchison,LAR,0,0,0,0,0,0,0,0,0,0,0,0,0,0,0,0,DE,28,16
Larry Borom,MIA,0,0,0,0,0,0,0,0,0,0,0,0,0,0,0,0,OL,26,16
Larry Ogunjobi,BUF,0,0,0,0,0,0,0,0,0,0,0,0,0,0,0,0,DT,31,10
Lathan Ransom,CAR,0,0,0,0,0,0,0,0,0,0,0,0,0,0,1,0,S,23,16
Lavonte David,TAM,0,0,0,0,0,0,0,0,0,0,0,0,0,0,1,0,LB,35,17
LeQuint Allen,JAX,0,0,0,0,0,0,94,0,23,0,54,0,10,11,0,0,RB,21,17
League Average,,0,0,0,0,0,0,0,0,0,0,0,0,0,0,0,0,,0,0
Leki Fotu,2TM,0,0,0,0,0,0,0,0,0,0,0,0,0,0,0,0,DT,27,8
Leo Chenal,KAN,0,0,0,0,0,0,0,0,0,0,0,0,0,0,1,0,LB,25,14
Leonard Floyd,ATL,0,0,0,0,0,0,0,0,0,0,0,0,0,0,0,0,DE,33,15
Leonard Taylor,2TM,0,0,0,0,0,0,0,0,0,0,0,0,0,0,0,0,DT,26,5
Leonard Williams,SEA,0,0,0,0,0,0,0,0,0,0,0,0,0,0,0,0,DT,31,17
Levi Drake Rodriguez,MIN,0,0,0,0,0,0,0,0,0,0,0,0,0,0,0,0,DL,25,16
Lew Nichols,PIT,0,0,0,0,0,0,0,0,0,0,0,0,0,0,0,0,RB,24,1
Liam McCullough,ATL,0,0,0,0,0,0,0,0,0,0,0,0,0,0,0,0,LS,28,17
Lil'Jordan Humphrey,2TM,0,0,0,0,0,0,0,0,0,0,156,1,13,25,0,0,WR,27,10
Logan Cooke,JAX,0,0,0,0,0,0,0,0,0,0,0,0,0,0,0,0,P,30,17
Logan Hall,TAM,0,0,0,0,0,0,0,0,0,0,0,0,0,0,0,0,DL,25,17
Logan Lee,PIT,0,0,0,0,0,0,0,0,0,0,0,0,0,0,0,0,DT,25,7
Logan Wilson,2TM,0,0,0,0,0,0,0,0,0,0,0,0,0,0,0,0,LB,29,15
Lonnie Johnson Jr.,LVR,0,0,0,0,0,0,0,0,0,0,0,0,0,0,0,0,S,30,9
Loren Strickland,DET,0,0,0,0,0,0,0,0,0,0,0,0,0,0,0,0,S,25,2
Lucas Krull,DEN,0,0,0,0,0,0,0,0,0,0,15,0,2,4,0,0,TE,27,3
Lukas Van Ness,GNB,0,0,0,0,0,0,0,0,0,0,0,0,0,0,0,0,DL,24,9
Luke Farrell,SFO,0,0,0,0,0,0,0,0,0,1,85,2,11,14,0,0,TE,28,17
Luke Fortner,NOR,0,0,0,0,0,0,0,0,0,0,0,0,0,0,0,0,OL,27,17
Luke Gifford,SFO,0,0,0,0,0,0,0,0,0,0,0,0,0,0,0,0,LB,30,17
Luke McCaffrey,WAS,0,0,0,0,0,0,0,0,0,0,203,3,11,15,0,0,WR,24,9
Luke Musgrave,GNB,0,0,0,0,0,0,0,0,0,1,252,0,24,31,0,0,TE,25,17
Luke Rhodes,IND,0,0,0,0,0,0,0,0,0,0,0,0,0,0,0,0,LS,33,17
Luke Schoonmaker,DAL,0,0,0,0,0,0,0,0,0,0,132,0,14,23,0,0,TE,27,17
Luke Wypler,CLE,0,0,0,0,0,0,0,0,0,0,0,0,0,1,0,0,C,24,17
Luther Burden,CHI,0,0,0,0,0,0,37,0,6,0,652,2,47,60,0,0,WR,22,15
M.J. Stewart,HOU,0,0,0,0,0,0,0,0,0,0,0,0,0,0,0,0,S,30,9
Maason Smith,JAX,0,0,0,0,0,0,0,0,0,0,0,0,0,0,0,0,DT,23,13
Mac Jones,SFO,2151,13,289,201,6,16,60,0,36,4,0,0,0,0,0,0,QB,27,11
Mac McWilliams,PHI,0,0,0,0,0,0,0,0,0,0,0,0,0,0,0,0,CB,24,5
Mack Hollins,NWE,0,0,0,0,0,0,4,0,1,1,550,2,46,65,0,0,WR,32,15
Mack Wilson,ARI,0,0,0,0,0,0,0,0,0,0,0,0,0,0,1,0,LB,27,8
Maema Njongmeta,CAR,0,0,0,0,0,0,0,0,0,0,0,0,0,0,0,0,LB,24,15
Malachi Corley,CLE,0,0,0,0,0,0,127,0,13,0,79,0,11,14,0,0,WR,23,13
Malachi Moore,NYJ,0,0,0,0,0,0,0,0,0,1,3,0,1,1,0,0,DB,24,17
Malaki Starks,BAL,0,0,0,0,0,0,0,0,0,0,0,0,0,0,2,0,S,22,17
Malcolm Koonce,LVR,0,0,0,0,0,0,0,0,0,0,0,0,0,0,0,0,DE,27,17
Malcolm Roach,DEN,0,0,0,0,0,0,0,0,0,0,0,0,0,0,0,0,DT,27,12
Malcolm Rodriguez,DET,0,0,0,0,0,0,0,0,0,0,0,0,0,0,0,0,LB,26,7
Maliek Collins,CLE,0,0,0,0,0,0,0,0,0,0,0,0,0,0,0,0,DT,30,12
Malik Cunningham,DET,0,0,0,0,0,0,1,0,1,0,0,0,0,0,0,0,WR,27,1
Malik Davis,DAL,0,0,0,0,0,0,250,2,52,0,16,0,2,5,0,0,RB,27,10
Malik Harrison,PIT,0,0,0,0,0,0,0,0,0,0,0,0,0,0,0,0,OLB,27,11
Malik Heath,GNB,0,0,0,0,0,0,0,0,0,0,86,0,6,7,0,0,WR,25,11
Malik Hooker,DAL,0,0,0,0,0,0,0,0,0,0,0,0,0,0,0,0,S,29,12
Malik Mustapha,SFO,0,0,0,0,0,0,0,0,0,0,0,0,0,0,1,0,S,23,12
Malik Nabers,NYG,0,0,0,0,0,0,0,0,0,0,271,2,18,35,0,0,WR,22,4
Malik Turner,SFO,0,0,0,0,0,0,0,0,0,0,0,0,0,1,0,0,WR,29,3
Malik Washington,MIA,0,0,0,0,0,0,110,1,17,1,317,3,46,65,0,0,WR,24,17
Malik Willis,GNB,422,3,35,30,0,3,123,2,22,2,0,0,0,0,0,0,QB,26,4
Marcelino McCrary-Ball,NYJ,0,0,0,0,0,0,0,0,0,0,0,0,0,0,0,0,LB,26,5
Marco Wilson,CIN,0,0,0,0,0,0,0,0,0,0,0,0,0,0,0,0,CB,26,4
Marcus Davenport,DET,0,0,0,0,0,0,0,0,0,0,0,0,0,0,0,0,DE,29,8
Marcus Epps,PHI,0,0,0,0,0,0,0,0,0,0,0,0,0,0,0,0,S,29,12
Marcus Harris,TEN,0,0,0,0,0,0,0,0,0,0,0,0,0,0,0,0,CB,24,14
Marcus Jones,NWE,0,0,0,0,0,0,0,0,0,0,0,0,0,0,3,0,CB,27,17
Marcus Mariota,WAS,1695,10,227,139,7,16,297,1,50,6,0,0,0,0,0,0,QB,32,11
Marcus Maye,LAC,0,0,0,0,0,0,0,0,0,0,0,0,0,0,0,0,S,32,1
Marcus Williams,LAC,0,0,0,0,0,0,0,0,0,0,0,0,0,0,0,0,S,29,3
Mario Edwards,HOU,0,0,0,0,0,0,0,0,0,0,0,0,0,0,0,0,DT,31,14
Marist Liufau,DAL,0,0,0,0,0,0,0,0,0,0,0,0,0,0,0,0,LB,24,17
Mark Andrews,BAL,0,0,0,0,0,0,48,1,10,1,422,5,48,70,0,0,TE,30,17
Mark Robinson,2TM,0,0,0,0,0,0,0,0,0,0,0,0,0,0,0,0,LB,26,6
Markees Watts,TAM,0,0,0,0,0,0,0,0,0,0,0,0,0,0,0,0,OLB,26,15
Markquese Bell,DAL,0,0,0,0,0,0,0,0,0,0,0,0,0,0,1,0,S,26,17
Marlon Davidson,HOU,0,0,0,0,0,0,0,0,0,0,0,0,0,0,0,0,DT,27,1
Marlon Humphrey,BAL,0,0,0,0,0,0,0,0,0,0,0,0,0,0,4,0,CB,29,15
Marlon Tuipulotu,KAN,0,0,0,0,0,0,0,0,0,0,0,0,0,0,0,0,DT,26,3
Marlowe Wax,LAC,0,0,0,0,0,0,0,0,0,0,0,0,0,0,0,0,LB,23,17
Marques Sigle,SFO,0,0,0,0,0,0,0,0,0,0,0,0,0,0,0,0,S,23,15
Marquez Valdes-Scantling,2TM,0,0,0,0,0,0,0,0,0,1,120,1,14,29,0,0,WR,31,10
Marquez Valdes-Scantling,PIT,0,0,0,0,0,0,0,0,0,0,0,0,0,0,0,0,WR,31,5
Marquise Brown,KAN,0,0,0,0,0,0,0,0,0,1,587,5,49,74,0,0,WR,28,16
Marshawn Kneeland,DAL,0,0,0,0,0,0,0,0,0,0,0,0,0,0,0,0,DE,24,7
Marshon Lattimore,WAS,0,0,0,0,0,0,0,0,0,0,0,0,0,0,1,0,CB,29,9
Marte Mapu,NWE,0,0,0,0,0,1,0,0,0,0,0,0,0,0,1,0,LB,26,17
Marvin Harrison Jr.,ARI,0,0,0,0,0,0,0,0,0,0,608,4,41,73,0,0,WR,23,12
Marvin Mims,DEN,0,0,0,0,0,0,78,1,12,2,322,1,37,51,0,0,WR,23,15
Mason Graham,CLE,0,0,0,0,0,0,0,0,0,0,0,0,0,0,0,0,DT,22,17
Mason Kinsey,TEN,0,0,0,0,0,0,0,0,0,0,48,0,2,4,0,0,WR,27,10
Mason Rudolph,PIT,310,2,52,38,2,2,6,0,7,1,0,0,0,0,0,0,QB,30,5
Mason Taylor,NYJ,0,0,0,0,0,0,0,0,0,0,369,1,44,65,0,0,TE,21,13
Mason Tipton,NOR,0,0,0,0,0,0,18,0,4,1,76,0,11,17,0,0,WR,25,14
Matt Dickerson,JAX,0,0,0,0,0,0,0,0,0,0,0,0,0,0,0,0,DL,30,8
Matt Haack,ARI,28,0,1,1,0,0,0,0,0,0,0,0,0,0,0,0,P,31,7
Matt Judon,MIA,0,0,0,0,0,0,0,0,0,0,0,0,0,0,0,0,OLB,33,13
Matt Milano,BUF,0,0,0,0,0,0,0,0,0,0,0,0,0,0,0,0,LB,31,12
Matt Prater,BUF,0,0,0,0,0,0,0,0,0,0,0,0,0,0,0,0,K,41,15
Matthew Butler,MIA,0,0,0,0,0,0,0,0,0,0,0,0,0,0,0,0,DT,26,12
Matthew Golden,GNB,0,0,0,0,0,0,49,0,10,0,361,0,29,44,0,0,WR,22,14
Matthew Orzech,GNB,0,0,0,0,0,0,0,0,0,0,0,0,0,0,0,0,LS,30,17
Matthew Stafford,LAR,4707,46,597,388,8,23,1,0,29,7,0,0,0,0,0,0,QB,37,17
Maurice Hurst Jr.,CLE,0,0,0,0,0,0,0,0,0,0,0,0,0,0,0,0,DT,30,2
Max Brosmer,MIN,328,0,71,47,4,14,11,0,7,2,0,0,0,0,0,0,QB,24,7
Max Melton,ARI,0,0,0,0,0,0,0,0,0,0,0,0,0,0,0,0,CB,23,10
Maxwell Hairston,BUF,0,0,0,0,0,0,0,0,0,0,0,0,0,0,2,0,CB,22,11
Maxx Crosby,LVR,0,0,0,0,0,0,0,0,0,0,0,0,0,0,1,0,DE,28,15
Mazi Smith,DAL,0,0,0,0,0,0,0,0,0,0,0,0,0,0,0,0,DT,24,5
McKinnley Jackson,CIN,0,0,0,0,0,0,0,0,0,0,0,0,0,0,0,0,DT,24,9
Mecole Hardman,BUF,0,0,0,0,0,0,0,0,0,1,0,0,0,1,0,0,WR,27,2
Mekhi Blackmon,IND,0,0,0,0,0,0,0,0,0,0,0,0,0,0,2,0,CB,26,17
Mekhi Wingo,DET,0,0,0,0,0,0,0,0,0,0,0,0,0,0,0,0,DL,22,2
Micah McFadden,NYG,0,0,0,0,0,0,0,0,0,0,0,0,0,0,0,0,LB,25,1
Micah Parsons,GNB,0,0,0,0,0,0,0,0,0,0,0,0,0,0,0,0,DL,26,14
Micah Robinson,TEN,0,0,0,0,0,0,0,0,0,0,0,0,0,0,0,0,CB,23,9
Michael Bandy,DEN,0,0,0,0,0,0,0,0,0,1,50,1,4,4,0,0,WR,28,4
Michael Carter,ARI,0,0,0,0,0,0,333,1,92,0,267,0,33,45,0,0,RB,26,13
Michael Carter II,2TM,0,0,0,0,0,0,0,0,0,0,0,0,0,0,0,0,CB,26,13
Michael Danna,KAN,0,0,0,0,0,0,0,0,0,0,0,0,0,0,1,0,DE,28,15
Michael Davis,NOR,0,0,0,0,0,0,0,0,0,0,0,0,0,0,0,0,CB,30,11
Michael Hall,CLE,0,0,0,0,0,0,0,0,0,0,0,0,0,0,0,0,DT,22,9
Michael Hoecht,BUF,0,0,0,0,0,0,0,0,0,0,0,0,0,0,0,0,DE,28,2
Michael Jackson,CAR,0,0,0,0,0,0,0,0,0,0,0,0,0,0,4,0,CB,28,17
Michael Mayer,LVR,0,0,0,0,0,0,0,0,0,1,328,1,35,50,0,0,TE,24,13
Michael Penix,ATL,1982,9,276,166,3,13,70,1,21,4,0,0,0,0,0,0,QB,25,9
Michael Pittman Jr.,IND,0,0,0,0,0,0,0,0,0,0,784,7,80,111,0,0,WR,28,17
Michael Wilson,ARI,0,0,0,0,0,0,0,0,0,0,1006,7,78,126,0,0,WR,25,17
Micheal Clemons,NYJ,0,0,0,0,0,0,0,0,0,0,0,0,0,0,0,0,DL,28,16
Mike Brown,TEN,0,0,0,0,0,0,0,0,0,0,0,0,0,0,0,0,S,26,9
Mike Edwards,KAN,0,0,0,0,0,0,0,0,0,0,0,0,0,0,0,0,S,29,6
Mike Evans,TAM,0,0,0,0,0,0,0,0,0,0,368,3,30,62,0,0,WR,32,8
Mike Ford,ATL,0,0,0,0,0,0,0,0,0,0,0,0,0,0,0,0,CB,30,17
Mike Gesicki,CIN,0,0,0,0,0,0,0,0,0,0,307,2,28,42,0,0,TE,30,13
Mike Green,BAL,0,0,0,0,0,0,0,0,0,0,0,0,0,0,0,0,OLB,22,17
Mike Hilton,IND,0,0,0,0,0,0,0,0,0,0,0,0,0,0,0,0,CB,31,2
Mike Hughes,ATL,0,0,0,0,0,0,0,0,0,0,0,0,0,0,1,0,CB,28,12
Mike Morris,SEA,0,0,0,0,0,0,0,0,0,0,0,0,0,0,0,0,DE,24,17
Mike Pennel,2TM,0,0,0,0,0,0,0,0,0,0,0,0,0,0,0,0,DT,34,16
Mike Sainristil,WAS,0,0,0,0,0,0,0,0,0,0,0,0,0,0,4,0,CB,25,17
Miles Battle,NWE,0,0,0,0,0,0,0,0,0,0,0,0,0,0,0,0,CB,25,5
Miles Killebrew,PIT,0,0,0,0,0,0,0,0,0,0,0,0,0,0,0,0,S,32,5
Miles Sanders,DAL,0,0,0,0,0,0,117,1,20,1,30,0,8,8,0,0,RB,28,4
Milton Williams,NWE,0,0,0,0,0,0,0,0,0,0,0,0,0,0,0,0,DT,26,12
Minkah Fitzpatrick,MIA,0,0,0,0,0,0,0,0,0,0,0,0,0,0,1,0,S,29,14
Mitch Wishnowsky,BUF,0,0,0,0,0,0,0,0,0,0,0,0,0,0,0,0,P,33,13
Mitchell Evans,CAR,0,0,0,0,0,0,1,0,1,0,171,2,19,25,0,0,TE,22,17
Mitchell Fraboni,DEN,0,0,0,0,0,0,0,0,0,0,0,0,0,0,0,0,LS,29,17
Mitchell Tinsley,CIN,0,0,0,0,0,0,0,0,0,0,116,2,8,24,0,0,WR,26,17
Mitchell Trubisky,BUF,313,4,35,25,0,0,6,0,9,0,0,0,0,0,0,0,QB,31,4
Mo Alie-Cox,IND,0,0,0,0,0,0,0,0,0,0,117,1,13,20,0,0,TE,32,17
Mohamoud Diabate,CLE,0,0,0,0,0,0,0,0,0,0,0,0,0,0,0,0,LB,24,17
Moliki Matavao,NOR,0,0,0,0,0,0,0,0,0,0,10,0,2,2,0,0,TE,22,6
Montaric Brown,JAX,0,0,0,0,0,0,0,0,0,0,0,0,0,0,2,0,CB,26,15
Montez Sweat,CHI,0,0,0,0,0,0,0,0,0,0,0,0,0,0,0,0,DL,29,17
Monty Rice,DET,0,0,0,0,0,0,0,0,0,0,0,0,0,0,0,0,OLB,26,1
Moro Ojomo,PHI,0,0,0,0,0,0,0,0,0,0,0,0,0,0,0,0,DT,24,17
Mykal Walker,NYJ,0,0,0,0,0,0,0,0,0,0,0,0,0,0,0,0,LB,28,14
Mykel Williams,SFO,0,0,0,0,0,0,0,0,0,0,0,0,0,0,0,0,DL,21,9
Myles Bryant,HOU,0,0,0,0,0,0,0,0,0,0,0,0,0,0,0,0,CB,27,11
Myles Garrett,CLE,0,0,0,0,0,0,0,0,0,0,0,0,0,0,0,0,DE,30,17
Myles Gaskin,SEA,0,0,0,0,0,0,6,0,3,0,0,0,0,0,0,0,RB,28,1
Myles Harden,CLE,0,0,0,0,0,0,0,0,0,0,0,0,0,0,0,0,CB,24,16
Myles Murphy,CIN,0,0,0,0,0,0,0,0,0,0,0,0,0,0,0,0,DE,23,17
Myles Price,MIN,0,0,0,0,0,0,0,0,0,0,0,0,0,0,0,0,WR,24,16
Nahshon Wright,CHI,0,0,0,0,0,0,0,0,0,0,0,0,0,0,5,0,CB,27,17
Najee Harris,LAC,0,0,0,0,0,0,61,0,15,0,25,0,3,3,0,0,RB,27,3
Nakobe Dean,PHI,0,0,0,0,0,0,0,0,0,0,0,0,0,0,0,0,LB,25,10
Naquan Jones,2TM,0,0,0,0,0,0,0,0,0,0,0,0,0,0,0,0,DT,27,12
Nate Adkins,DEN,0,0,0,0,0,0,0,0,0,0,48,1,6,11,0,0,TE,26,9
Nate Hobbs,GNB,0,0,0,0,0,0,0,0,0,0,0,0,0,0,0,0,CB,26,11
Nate Wiggins,BAL,0,0,0,0,0,0,0,0,0,0,0,0,0,0,3,0,CB,22,17
Nathan Carter,ATL,0,0,0,0,0,0,60,0,9,1,0,0,0,0,0,0,RB,23,7
Nathan Landman,LAR,0,0,0,0,0,0,0,0,0,0,0,0,0,0,1,0,LB,27,17
Nathan Shepherd,NOR,0,0,0,0,0,0,0,0,0,0,0,0,0,0,0,0,DT,32,16
Natrone Brooks,ATL,0,0,0,0,0,0,0,0,0,0,0,0,0,0,0,0,CB,26,17
Nazeeh Johnson,KAN,0,0,0,0,0,0,0,0,0,0,0,0,0,0,0,0,CB,27,2
Nazir Stackhouse,GNB,0,0,0,0,0,0,0,0,0,0,0,0,0,0,0,0,DT,23,13
Nehemiah Pritchett,SEA,0,0,0,0,0,0,0,0,0,0,0,0,0,0,0,0,CB,24,17
Neville Gallimore,IND,0,0,0,0,0,0,0,0,0,0,0,0,0,0,0,0,DT,28,17
Neville Hewitt,NYG,0,0,0,0,0,0,0,0,0,0,0,0,0,0,0,0,LB,32,15
Nic Jones,NYG,0,0,0,0,0,0,0,0,0,0,0,0,0,0,0,0,CB,24,13
Nic Scourton,CAR,0,0,0,0,0,0,0,0,0,0,0,0,0,0,0,0,OLB,21,17
Nick Bellore,WAS,0,0,0,0,0,0,0,0,0,0,0,0,0,0,0,0,LB,36,16
Nick Bolton,KAN,0,0,0,0,0,0,0,0,0,0,0,0,0,0,1,0,LB,25,17
Nick Bosa,SFO,0,0,0,0,0,0,0,0,0,0,0,0,0,0,0,0,DL,28,3
Nick Chubb,HOU,0,0,0,0,0,0,506,3,122,0,67,0,13,20,0,0,RB,30,15
Nick Cross,IND,0,0,0,0,0,0,0,0,0,0,0,0,0,0,1,0,S,24,17
Nick Emmanwori,SEA,0,0,0,0,0,0,0,0,0,0,0,0,0,0,1,0,S,21,14
Nick Hampton,LAR,0,0,0,0,0,0,0,0,0,0,0,0,0,0,0,0,OLB,25,12
Nick Herbig,PIT,0,0,0,0,0,0,0,0,0,0,0,0,0,0,1,0,LB,24,15
Nick Jackson,TAM,0,0,0,0,0,0,0,0,0,0,0,0,0,0,0,0,LB,24,3
Nick Kallerup,SEA,0,0,0,0,0,0,0,0,0,0,0,0,0,1,0,0,TE,24,9
Nick Martin,SFO,0,0,0,0,0,0,0,0,0,0,0,0,0,0,0,0,LB,23,7
Nick McCloud,CHI,0,0,0,0,0,0,0,0,0,0,0,0,0,0,0,0,CB,27,15
Nick Mullens,JAX,19,0,3,3,0,0,-8,0,12,0,0,0,0,0,0,0,QB,30,5
Nick Niemann,GNB,0,0,0,0,0,0,0,0,0,0,0,0,0,0,0,0,LB,28,7
Nick Scott,CAR,0,0,0,0,0,0,0,0,0,0,0,0,0,0,1,0,FS,30,17
Nick Westbrook-Ikhine,MIA,0,0,0,0,0,0,0,0,0,0,89,0,11,20,0,0,WR,28,15
Nick Whiteside,DET,0,0,0,0,0,0,0,0,0,0,0,0,0,0,0,0,CB,25,9
Nico Collins,HOU,0,0,0,0,0,0,15,1,2,1,1117,6,71,120,0,0,WR,26,15
Nik Bonitto,DEN,0,0,0,0,0,0,0,0,0,0,0,0,0,0,0,0,OLB,26,17
Nikko Reed,LAC,0,0,0,0,0,0,0,0,0,0,0,0,0,0,0,0,CB,22,5
Nikko Remigio,KAN,0,0,0,0,0,0,11,0,1,2,21,0,1,1,0,0,WR,26,14
Nikola Kalinic,CHI,0,0,0,0,0,0,0,0,0,0,0,0,0,0,0,0,TE,28,2
Nnamdi Madubuike,BAL,0,0,0,0,0,0,0,0,0,0,0,0,0,0,0,0,DL,28,2
Noah Brown,WAS,0,0,0,0,0,0,0,0,0,0,83,0,5,10,0,0,WR,29,4
Noah Fant,CIN,0,0,0,0,0,0,0,0,0,3,288,3,34,41,0,0,TE,28,15
Noah Gray,KAN,0,0,0,0,0,0,0,0,0,0,178,0,21,37,0,0,TE,26,16
Noah Igbinoghene,WAS,0,0,0,0,0,0,0,0,0,0,0,0,0,0,0,0,CB,26,15
Noah Sewell,CHI,0,0,0,0,0,0,0,0,0,0,0,0,0,0,0,0,LB,23,13
Nohl Williams,KAN,0,0,0,0,0,0,0,0,0,0,0,0,0,0,0,0,DB,23,17
Nolan Smith,PHI,0,0,0,0,0,0,0,0,0,0,0,0,0,0,0,0,OLB,24,12
Nyheim Hines,LAC,0,0,0,0,0,0,-2,0,2,0,0,0,0,0,0,0,RB,29,3
Odafe Oweh,2TM,0,0,0,0,0,0,0,0,0,0,0,0,0,0,0,0,OLB,27,17
Olamide Zaccheaus,CHI,0,0,0,0,0,0,25,0,4,0,313,2,39,65,0,0,WR,28,16
Ollie Gordon,MIA,0,0,0,0,0,0,199,3,70,0,32,1,7,9,0,0,RB,21,17
Oluwafemi Oladejo,TEN,0,0,0,0,0,0,0,0,0,0,0,0,0,0,0,0,OLB,22,6
Omar Speights,LAR,0,0,0,0,0,0,0,0,0,0,0,0,0,0,0,0,LB,24,16
Omarion Hampton,LAC,0,0,0,0,0,0,545,4,124,1,192,1,32,35,0,0,RB,22,9
Omarr Norman-Lott,KAN,0,0,0,0,0,0,0,0,0,0,0,0,0,0,0,0,DT,23,5
Oren Burks,CIN,0,0,0,0,0,0,0,0,0,0,0,0,0,0,0,0,LB,30,17
Orlando Brown Jr.,CIN,0,0,0,0,0,0,0,0,0,0,0,0,0,0,0,0,OT,29,17
Oronde Gadsden II,LAC,0,0,0,0,0,0,0,0,0,1,664,3,49,69,0,0,TE,22,15
Osa Odighizuwa,DAL,0,0,0,0,0,0,0,0,0,0,0,0,0,0,0,0,DT,27,17
Otito Ogbonnia,LAC,0,0,0,0,0,0,0,0,0,0,0,0,0,0,0,0,DL,25,9
Owen Pappoe,ARI,0,0,0,0,0,0,0,0,0,0,0,0,0,0,0,0,LB,25,17
Owen Wright,TAM,0,0,0,0,0,0,6,0,3,0,0,0,0,0,0,0,RB,26,3
P.J. Locke,DEN,0,0,0,0,0,0,0,0,0,0,0,0,0,0,0,0,S,28,16
PJ Jules,CIN,0,0,0,0,0,0,0,0,0,0,0,0,0,0,0,0,S,24,14
PJ Mustipher,ARI,0,0,0,0,0,0,0,0,0,0,0,0,0,0,0,0,DT,26,15
Parker Washington,JAX,0,0,0,0,0,0,0,0,7,2,847,5,58,95,0,0,WR,23,16
Parris Campbell,DAL,0,0,0,0,0,0,0,0,0,0,0,0,0,0,0,0,WR,28,1
Parry Nickerson,PHI,0,0,0,0,0,0,0,0,0,0,0,0,0,0,0,0,CB,31,5
Pat Bryant,DEN,0,0,0,0,0,0,0,0,0,0,378,1,31,49,0,0,WR,23,15
Pat Freiermuth,PIT,0,0,0,0,0,0,0,0,0,0,486,4,41,54,0,0,TE,27,17
Pat O'Connor,DET,0,0,0,0,0,0,0,0,0,0,0,0,0,0,0,0,DL,32,8
Patrick Johnson,PHI,0,0,0,0,0,0,0,0,0,0,0,0,0,0,0,0,OLB,27,9
Patrick Jones II,CAR,0,0,0,0,0,0,0,0,0,0,0,0,0,0,0,0,OLB,27,4
Patrick Mahomes,KAN,3587,22,502,315,11,34,422,5,64,3,-10,0,1,1,0,0,QB,30,14
Patrick O'Connell,SEA,0,0,0,0,0,0,0,0,0,0,0,0,0,0,0,0,LB,27,9
Patrick Paul,MIA,0,0,0,0,0,0,0,0,0,0,0,0,0,0,0,0,OT,24,17
Patrick Queen,PIT,0,0,0,0,0,0,0,0,0,0,0,0,0,0,0,0,LB,26,17
Patrick Ricard,BAL,0,0,0,0,0,0,3,0,1,0,8,0,1,2,0,0,FB,31,11
Patrick Surtain II,DEN,0,0,0,0,0,0,0,0,0,0,0,0,0,0,1,0,CB,25,14
Paulson Adebo,NYG,0,0,0,0,0,0,0,0,0,0,0,0,0,0,1,0,CB,26,12
Payne Durham,TAM,0,0,0,0,0,0,0,0,0,0,11,0,1,4,0,0,TE,25,17
Payton Page,NYJ,0,0,0,0,0,0,0,0,0,0,0,0,0,0,0,0,DT,23,4
Payton Wilson,PIT,0,0,0,0,0,0,0,0,0,0,0,0,0,0,1,0,LB,25,17
Percy Butler,WAS,0,0,0,0,0,0,0,0,0,0,0,0,0,0,0,0,S,25,16
Perrion Winfrey,DAL,0,0,0,0,0,0,0,0,0,0,0,0,0,0,0,0,DT,25,1
Pete Werner,NOR,0,0,0,0,0,0,0,0,0,0,0,0,0,0,0,0,LB,26,17
Peter Skoronski,TEN,0,0,0,0,0,0,0,0,0,0,0,0,0,0,0,0,OL,24,17
Pharaoh Brown,ARI,0,0,0,0,0,0,0,0,0,0,1,0,2,2,0,0,TE,31,7
Phidarian Mathis,BUF,0,0,0,0,0,0,0,0,0,0,0,0,0,0,0,0,DT,27,6
Phil Mafah,DAL,0,0,0,0,0,0,18,1,5,0,11,0,2,2,0,0,RB,23,1
Philip Rivers,IND,544,4,92,58,3,5,-1,0,2,2,0,0,0,0,0,0,QB,44,3
Poona Ford,LAR,0,0,0,0,0,0,0,0,0,0,0,0,0,0,0,0,NT,30,17
Preston Smith,WAS,0,0,0,0,0,0,0,0,0,0,0,0,0,0,0,0,DE,33,13
Princely Umanmielen,CAR,0,0,0,0,0,0,0,0,0,0,0,0,0,0,0,0,OLB,23,16
Princeton Fant,DAL,0,0,0,0,0,0,0,0,0,0,0,0,0,0,0,0,,26,1
Puka Nacua,LAR,0,0,0,0,0,0,105,1,10,1,1715,10,129,166,0,0,WR,24,16
Quan Martin,WAS,0,0,0,0,0,0,0,0,0,0,0,0,0,0,0,0,S,25,17
Quandarrius Robinson,DEN,0,0,0,0,0,0,0,0,0,0,0,0,0,0,0,0,OLB,24,6
Quandre Diggs,TEN,0,0,0,0,0,0,0,0,0,0,0,0,0,0,0,0,FS,32,9
Quay Walker,GNB,0,0,0,0,0,0,0,0,0,0,0,0,0,0,0,0,LB,25,14
Quentin Johnston,LAC,0,0,0,0,0,0,7,0,2,1,735,8,51,84,0,0,WR,24,14
Quentin Lake,LAR,0,0,0,0,0,0,0,0,0,0,0,0,0,0,1,0,S,26,10
Quentin Skinner,NYJ,0,0,0,0,0,0,0,0,0,0,10,0,1,1,0,0,WR,24,1
Quincy Riley,NOR,0,0,0,0,0,0,0,0,0,0,0,0,0,0,1,0,CB,24,17
Quincy Williams,NYJ,0,0,0,0,0,0,0,0,0,0,0,0,0,0,0,0,LB,29,13
Quinn Ewers,MIA,622,3,83,55,3,8,19,0,8,3,-6,0,1,1,0,0,QB,22,4
Quinnen Williams,2TM,0,0,0,0,0,0,0,0,0,0,0,0,0,0,1,0,DT,28,15
Quinshon Judkins,CLE,0,0,0,0,0,0,827,7,230,0,171,0,26,36,0,0,RB,22,14
Quintin Morris,JAX,0,0,0,0,0,0,0,0,0,0,55,1,6,9,0,0,TE,26,14
Quinton Bell,MIA,0,0,0,0,0,0,0,0,0,0,0,0,0,0,0,0,LB,29,7
Quinton Bohanna,2TM,0,0,0,0,0,0,0,0,0,0,0,0,0,0,0,0,DT,26,6
Quinyon Mitchell,PHI,0,0,0,0,0,0,0,0,0,0,0,0,0,0,0,0,CB,24,16
Qwan'tez Stiggers,NYJ,0,0,0,0,0,0,0,0,0,0,0,0,0,0,0,0,CB,23,15
R.J. Mickens,LAC,0,0,0,0,0,0,0,0,0,0,0,0,0,0,2,0,S,24,12
RJ Harvey,DEN,0,0,1,0,0,0,540,7,146,1,356,5,47,58,0,0,RB,24,17
Rachaad White,TAM,0,0,0,0,0,0,572,4,132,0,218,0,40,45,0,0,RB,26,17
Raheem Layne,NYG,0,0,0,0,0,0,0,0,0,0,0,0,0,0,0,0,S,26,3
Raheem Mostert,LVR,0,0,0,0,0,0,104,0,22,0,70,0,12,12,0,0,RB,33,12
Raheim Sanders,CLE,0,0,0,0,0,0,92,1,27,0,21,0,3,4,0,0,RB,23,4
Rakeem Nunez-Roches,NYG,0,0,0,0,0,0,0,0,0,0,0,0,0,0,0,0,DL,32,9
Rashad Wisdom,TAM,0,0,0,0,0,0,0,0,0,0,0,0,0,0,0,0,S,24,3
Rashan Gary,GNB,0,0,0,0,0,0,0,0,0,0,0,0,0,0,0,0,DL,28,16
Rashee Rice,KAN,0,0,0,0,0,0,20,1,5,2,571,5,53,78,0,0,WR,25,8
Rasheed Walker,GNB,0,0,0,0,0,0,0,0,0,0,0,0,0,0,0,0,T,25,17
Rasheen Ali,BAL,0,0,0,0,0,0,24,0,7,0,68,1,9,11,0,0,RB,24,15
Rashid Shaheed,2TM,0,0,0,0,0,0,69,0,9,2,687,2,59,92,0,0,WR,27,18
Rashod Bateman,BAL,0,0,0,0,0,0,0,0,0,0,224,2,19,38,0,0,WR,26,13
Rasul Douglas,MIA,0,0,0,0,0,0,0,0,0,0,0,0,0,0,2,0,CB,30,15
Ray Davis,BUF,0,0,0,0,0,0,275,0,58,0,86,2,10,13,0,0,RB,26,17
Ray-Ray McCloud,2TM,0,0,0,0,0,0,0,0,0,0,69,0,7,15,0,0,WR,29,6
Rayshawn Jenkins,CLE,0,0,0,0,0,0,0,0,0,0,0,0,0,0,1,0,S,31,17
Rayuan Lane,JAX,0,0,0,0,0,0,0,0,0,0,0,0,0,0,0,0,S,22,17
Reddy Steward,DAL,0,0,0,0,0,0,0,0,0,0,0,0,0,0,0,0,CB,24,17
Reed Blankenship,PHI,0,0,0,0,0,0,0,0,0,0,0,0,0,0,1,0,S,26,16
Reese Taylor,DEN,0,0,0,0,0,0,0,0,0,0,0,0,0,0,0,0,CB,26,4
Reggie Gilliam,BUF,0,0,0,0,0,0,4,0,2,0,24,0,2,2,0,0,FB,28,17
Renardo Green,SFO,0,0,0,0,0,0,0,0,0,0,0,0,0,0,0,0,CB,25,14
Reuben Lowery,BAL,0,0,0,0,0,0,0,0,0,0,0,0,0,0,0,0,S,23,3
Rex Sunahara,CLE,0,0,0,0,0,0,0,0,0,0,0,0,0,0,0,0,LS,29,17
Rhamondre Stevenson,NWE,0,0,0,0,0,0,603,7,130,3,345,2,32,37,0,0,RB,27,14
Richie Grant,NWE,0,0,0,0,0,0,0,0,0,0,0,0,0,0,0,0,S,28,1
Ricky Barber,WAS,0,0,0,0,0,0,0,0,0,0,0,0,0,0,0,0,DT,24,2
Ricky Pearsall,SFO,0,0,0,0,0,0,-2,0,2,0,528,0,36,53,0,0,WR,25,9
Rico Dowdle,CAR,0,0,0,0,0,0,1076,6,236,2,297,1,39,50,0,0,RB,27,17
Rico Payton,NYG,0,0,0,0,0,0,0,0,0,0,0,0,0,0,0,0,CB,26,9
Rigoberto Sanchez,IND,16,0,1,1,0,0,0,0,0,0,0,0,0,0,0,0,P,31,17
Riley Leonard,IND,415,2,67,39,3,2,27,2,6,2,-3,0,0,0,0,0,QB,23,5
Riley Moss,DEN,0,0,0,0,0,0,0,0,0,0,0,0,0,0,1,0,CB,25,17
Riley Patterson,MIA,0,0,0,0,0,0,0,0,0,0,0,0,0,0,0,0,K,26,17
Riq Woolen,SEA,0,0,0,0,0,0,0,0,0,0,0,0,0,0,1,0,CB,26,16
Robbie Chosen,WAS,0,0,0,0,0,0,0,0,0,0,53,0,5,9,0,0,WR,32,3
Robert Beal,SFO,0,0,0,0,0,0,0,0,0,0,0,0,0,0,0,0,DL,26,7
Robert Rochell,2TM,0,0,0,0,0,0,0,0,0,0,0,0,0,0,0,0,CB,27,6
Robert Spillane,NWE,0,0,0,0,0,0,0,0,0,0,0,0,0,0,2,0,LB,30,13
Robert Tonyan,KAN,0,0,0,0,0,0,0,0,0,0,1,0,1,1,0,0,TE,31,17
Rock Ya-Sin,DET,0,0,0,0,0,0,0,0,0,0,0,0,0,0,0,0,CB,29,17
Rodney Thomas II,IND,0,0,0,0,0,0,3,0,1,0,0,0,0,0,0,0,S,27,17
Roger McCreary,2TM,0,0,0,0,0,0,0,0,0,0,0,0,0,0,1,0,CB,25,14
Roman Wilson,PIT,0,0,0,0,0,0,0,0,0,1,166,2,12,21,0,0,WR,24,13
Rome Odunze,CHI,0,0,0,0,0,0,0,0,0,0,661,6,44,90,0,0,WR,23,12
Romeo Doubs,GNB,0,0,0,0,0,0,0,0,0,1,724,6,55,85,0,0,WR,25,16
Ronnie Bell,NOR,0,0,0,0,0,0,0,0,0,0,23,1,2,4,0,0,WR,25,2
Ronnie Harrison,ATL,0,0,0,0,0,0,0,0,0,0,0,0,0,0,0,0,LB,28,10
Ronnie Hickman,CLE,0,0,0,0,0,0,0,0,0,0,0,0,0,0,2,0,S,24,17
Ronnie Rivers,LAR,0,0,0,0,0,0,46,0,9,0,0,0,0,0,0,0,RB,26,11
Roquan Smith,BAL,0,0,0,0,0,0,0,0,0,0,0,0,0,0,0,0,LB,28,15
Roschon Johnson,CHI,0,0,0,0,0,0,17,0,2,0,0,0,0,0,0,0,RB,24,7
Ross Dwelley,DET,0,0,0,0,0,0,0,0,0,0,7,0,2,5,0,0,TE,30,11
Ross Matiscik,JAX,0,0,0,0,0,0,0,0,0,0,0,0,0,0,0,0,LS,29,17
Roy Lopez,DET,0,0,0,0,0,0,0,0,0,0,0,0,0,0,0,0,DT,28,17
Roy Robertson-Harris,NYG,0,0,0,0,0,0,0,0,0,0,0,0,0,0,0,0,DT,32,17
Ruben Hyppolite,CHI,0,0,0,0,0,0,0,0,0,0,0,0,0,0,0,0,LB,24,7
Ruke Orhorhoro,ATL,0,0,0,0,0,0,0,0,0,0,0,0,0,0,0,0,DT,24,17
Russell Wilson,NYG,831,3,119,69,3,10,106,0,18,3,0,0,0,0,0,0,QB,37,6
Ryan Fitzgerald,CAR,0,0,0,0,0,0,0,0,0,0,0,0,0,0,0,0,K,25,17
Ryan Flournoy,DAL,0,0,0,0,0,0,25,0,4,0,475,4,40,56,0,0,WR,26,16
Ryan Miller,TAM,0,0,0,0,0,0,0,0,0,0,34,1,2,4,0,0,WR,25,13
Ryan Neuzil,ATL,0,0,0,0,0,0,0,0,0,0,0,0,0,0,0,0,OL,28,17
Rylie Mills,SEA,0,0,0,0,0,0,0,0,0,0,0,0,0,0,0,0,DE,24,4
Sai'vion Jones,DEN,0,0,0,0,0,0,0,0,0,0,0,0,0,0,0,0,DE,22,3
Sal Cannella,CLE,0,0,0,0,0,0,0,0,0,0,11,0,2,5,0,0,TE,29,2
Sam Darnold,SEA,4048,25,477,323,14,27,95,0,35,11,0,0,0,0,0,0,QB,28,17
Sam Franklin,BUF,0,0,0,0,0,0,0,0,0,0,0,0,0,0,0,0,S,29,17
Sam Kamara,CLE,0,0,0,0,0,0,0,0,0,0,0,0,0,0,0,0,DT,28,4
Sam LaPorta,DET,0,0,0,0,0,0,0,0,0,0,489,3,40,49,0,0,TE,24,9
Sam Martin,CAR,0,0,0,0,0,0,0,0,0,0,0,0,0,0,0,0,P,35,17
Sam Okuayinonu,SFO,0,0,0,0,0,0,0,0,0,0,0,0,0,0,0,0,DL,27,15
Sam Roberts,ATL,0,0,0,0,0,0,0,0,0,0,0,0,0,0,0,0,DT,27,5
Sam Webb,CLE,0,0,0,0,0,0,0,0,0,0,0,0,0,0,0,0,CB,27,7
Sam Williams,DAL,0,0,0,0,0,0,0,0,0,0,0,0,0,0,0,0,DE,26,17
Samaje Perine,CIN,0,0,0,0,0,0,382,3,84,3,87,0,17,21,0,0,RB,30,15
Samori Toure,NOR,0,0,0,0,0,0,0,0,0,0,3,0,1,3,0,0,WR,27,1
Samson Ebukam,IND,0,0,0,0,0,0,0,0,0,0,0,0,0,0,0,0,DE,30,14
Samuel Womack,2TM,0,0,0,0,0,0,0,0,0,0,0,0,0,0,0,0,CB,26,6
Sanoussi Kane,2TM,0,0,0,0,0,0,0,0,0,0,0,0,0,0,0,0,S,24,9
Saquon Barkley,PHI,0,0,0,0,0,0,1140,7,280,1,273,2,37,50,0,0,RB,28,16
Sauce Gardner,2TM,0,0,0,0,0,0,0,0,0,0,0,0,0,0,0,0,CB,24,11
Savion Williams,GNB,0,0,0,0,0,0,37,0,11,1,78,1,10,10,0,0,WR,24,12
Scott Daly,CHI,0,0,0,0,0,0,0,0,0,0,0,0,0,0,0,0,LS,31,17
Scott Matlock,LAC,0,0,0,0,0,0,0,0,0,0,12,1,4,4,0,0,FB,25,16
Scotty Miller,PIT,0,0,0,0,0,0,0,0,0,0,62,0,9,14,0,0,WR,28,13
Sean Rhyan,GNB,0,0,0,0,0,0,0,0,0,0,0,0,0,0,0,0,G,25,17
Sean Tucker,TAM,0,0,0,0,0,0,320,7,86,2,34,1,8,11,0,0,RB,24,17
Sebastian Castro,2TM,0,0,0,0,0,0,0,0,0,0,0,0,0,0,0,0,S,25,9
Sebastian Joseph-Day,TEN,0,0,0,0,0,0,0,0,0,0,0,0,0,0,0,0,DE,30,17
Segun Olubi,IND,0,0,0,0,0,0,0,0,0,0,0,0,0,0,0,0,LB,26,17
Shaka Heyward,CIN,0,0,0,0,0,0,0,0,0,0,0,0,0,0,0,0,LB,25,12
Shane Buechele,KAN,88,0,14,7,0,5,4,0,1,0,0,0,0,0,0,0,QB,27,1
Shane Zylstra,DET,0,0,0,0,0,0,0,0,0,0,20,0,3,5,0,0,TE,29,6
Shaq Thompson,BUF,0,0,0,0,0,0,0,0,0,0,0,0,0,0,0,0,OLB,31,12
Shaquill Griffin,SEA,0,0,0,0,0,0,0,0,0,0,0,0,0,0,0,0,CB,30,2
Shaun Dolac,LAR,0,0,0,0,0,0,0,0,0,0,0,0,0,0,0,0,LB,24,17
Shavon Revel,DAL,0,0,0,0,0,0,0,0,0,0,0,0,0,0,0,0,CB,24,7
Shedeur Sanders,CLE,1400,7,212,120,10,23,169,1,21,2,0,0,0,0,0,0,QB,23,8
Shedrick Jackson,LVR,0,0,0,0,0,0,3,0,1,0,56,1,4,5,0,0,WR,26,5
Shelby Harris,CLE,0,0,0,0,0,0,0,0,0,0,0,0,0,0,0,0,DT,34,17
Sheldon Day,WAS,0,0,0,0,0,0,0,0,0,0,0,0,0,0,0,0,DT,31,10
Sheldon Rankins,HOU,0,0,0,0,0,0,0,0,0,0,0,0,0,0,0,0,DT,31,17
Shemar Bartholomew,GNB,0,0,0,0,0,0,0,0,0,0,0,0,0,0,0,0,CB,25,1
Shemar James,DAL,0,0,0,0,0,0,0,0,0,0,0,0,0,0,0,0,LB,21,14
Shemar Stewart,CIN,0,0,0,0,0,0,0,0,0,0,0,0,0,0,0,0,DE,22,8
Shemar Turner,CHI,0,0,0,0,0,0,0,0,0,0,0,0,0,0,0,0,DL,22,5
Shy Tuttle,2TM,0,0,0,0,0,0,0,0,0,0,0,0,0,0,0,0,DT,30,12
Simi Fehoko,ARI,0,0,0,0,0,0,0,0,0,0,0,0,0,0,0,0,WR,28,8
Sione Takitaki,MIN,0,0,0,0,0,0,0,0,0,0,0,0,0,0,0,0,LB,30,3
Sione Vaki,DET,0,0,0,0,0,0,4,0,1,0,0,0,0,0,0,0,RB,24,11
SirVocea Dennis,TAM,0,0,0,0,0,0,0,0,0,0,0,0,0,0,1,0,LB,25,16
Siran Neal,SFO,0,0,0,0,0,0,0,0,0,0,0,0,0,0,0,0,CB,31,17
Skyy Moore,SFO,0,0,0,0,0,0,11,0,2,1,87,0,5,7,0,0,WR,25,17
Smael Mondon,PHI,0,0,0,0,0,0,0,0,0,0,0,0,0,0,0,0,LB,22,17
Solomon Thomas,DAL,0,0,0,0,0,0,0,0,0,0,0,0,0,0,0,0,DT,30,16
Spencer Anderson,PIT,0,0,0,0,0,0,0,0,0,0,4,0,1,1,0,0,OL,25,17
Spencer Brown,BUF,0,0,0,0,0,0,0,0,0,0,0,0,0,0,0,0,T,27,14
Spencer Rattler,NOR,1586,8,257,174,5,18,167,0,31,4,0,0,1,2,0,0,QB,25,9
Stefon Diggs,NWE,0,0,0,0,0,0,0,0,0,0,1013,4,85,102,0,0,WR,32,17
Sterling Shepard,TAM,0,0,0,0,0,0,19,0,4,1,371,1,39,53,0,0,WR,32,13
Steven Sims,ARI,0,0,0,0,0,0,0,0,0,0,0,0,0,1,0,0,WR,28,3
Stone Forsythe,LVR,0,0,0,0,0,0,0,0,0,0,0,0,0,0,0,0,OL,28,17
Stone Smartt,NYJ,0,0,0,0,0,0,0,0,0,0,52,0,7,9,0,0,TE,27,15
Storm Duck,MIA,0,0,0,0,0,0,0,0,0,0,0,0,0,0,0,0,CB,25,2
Swayze Bozeman,NYG,0,0,0,0,0,0,0,0,0,0,0,0,0,0,0,0,LB,27,6
Sydney Brown,PHI,0,0,0,0,0,0,0,0,0,0,0,0,0,0,0,0,S,25,17
T'Vondre Sweat,TEN,0,0,0,0,0,0,0,0,0,0,0,0,0,0,0,0,NT,24,12
T.J. Edwards,CHI,0,0,0,0,0,0,0,0,0,0,0,0,0,0,1,0,LB,29,10
T.J. Hockenson,MIN,0,0,0,0,0,0,0,0,1,0,438,3,51,66,0,0,TE,28,15
T.J. Maguranyanga,WAS,0,0,0,0,0,0,0,0,0,0,0,0,0,0,0,0,DE,23,1
T.J. Sanders,BUF,0,0,0,0,0,0,0,0,0,0,0,0,0,0,0,0,DT,22,12
T.J. Tampa,BAL,0,0,0,0,0,0,0,0,0,0,0,0,0,0,1,0,CB,23,17
T.J. Watt,PIT,0,0,0,0,0,0,0,0,0,0,0,0,0,0,2,0,LB,31,14
Ta'Quon Graham,ATL,0,0,0,0,0,0,0,0,0,0,0,0,0,0,0,0,DT,27,2
Tahj Brooks,CIN,0,0,0,0,0,0,45,0,16,0,9,0,1,2,0,0,RB,23,16
Tahj Washington,MIA,0,0,0,0,0,0,0,0,0,1,37,0,3,5,0,0,WR,24,6
Tai Felton,MIN,0,0,0,0,0,0,0,0,0,0,25,0,3,3,0,0,WR,22,17
Taki Taimani,MIN,0,0,0,0,0,0,0,0,0,0,0,0,0,0,0,0,DL,26,2
Talanoa Hufanga,DEN,0,0,0,0,0,0,0,0,0,0,0,0,0,0,0,0,S,26,17
Tank Bigsby,2TM,0,0,0,0,0,0,356,2,63,0,32,0,3,4,0,0,RB,24,17
Tank Bigsby,PHI,0,0,0,0,0,0,0,0,0,0,0,0,0,0,0,0,RB,24,16
Tanner Conner,MIA,0,0,0,0,0,0,0,0,0,0,91,0,9,15,0,0,TE,27,9
Tanner Hudson,CIN,0,0,0,0,0,0,0,0,0,0,168,2,19,24,0,0,TE,31,15
Tanner Ingle,LAR,0,0,0,0,0,0,0,0,0,0,0,0,0,0,0,0,S,26,3
Tanner McKee,PHI,274,1,43,24,1,3,8,0,8,0,0,0,0,0,0,0,QB,25,4
Tanoh Kpassagnon,CHI,0,0,0,0,0,0,0,0,0,0,0,0,0,0,0,0,DL,31,4
Tanor Bortolini,IND,0,0,0,0,0,0,0,0,0,0,0,0,0,0,0,0,C,23,16
Tarheeb Still,LAC,0,0,0,0,0,0,0,0,0,0,0,0,0,0,0,0,CB,23,15
Taron Johnson,BUF,0,0,0,0,0,0,0,0,0,0,0,0,0,0,0,0,CB,29,13
Tatum Bethune,SFO,0,0,0,0,0,0,0,0,0,0,0,0,0,0,0,0,LB,24,14
Taven Bryan,BAL,0,0,0,0,0,0,0,0,0,0,0,0,0,0,0,0,DT,29,5
Tavierre Thomas,MIN,0,0,0,0,0,0,0,0,0,0,0,0,0,0,0,0,S,29,17
Tavius Robinson,BAL,0,0,0,0,0,0,0,0,0,0,0,0,0,0,0,0,OLB,26,10
Tay Martin,WAS,0,0,0,0,0,0,0,0,0,0,23,0,2,2,0,0,WR,28,3
Taylor Rapp,BUF,0,0,0,0,0,0,0,0,0,0,0,0,0,0,0,0,S,28,6
Taysom Hill,NOR,57,1,6,2,0,0,114,1,52,3,91,0,11,16,0,0,TE,35,13
Teagan Quitoriano,ATL,0,0,0,0,0,0,0,0,0,0,0,0,0,0,0,0,TE,25,17
Teair Tart,LAC,0,0,0,0,0,0,0,0,0,0,0,0,0,0,0,0,DL,28,17
Tedarrell Slaton,CIN,0,0,0,0,0,0,0,0,0,0,0,0,0,0,0,0,DT,28,17
Teddy Bridgewater,TAM,62,0,15,8,0,2,4,0,3,0,0,0,0,0,0,0,QB,33,4
Teddye Buchanan,BAL,0,0,0,0,0,0,0,0,0,0,0,0,0,0,0,0,LB,23,14
Tee Higgins,CIN,0,0,0,0,0,0,0,0,0,0,846,11,59,98,0,0,WR,26,15
Terrance Ferguson,LAR,0,0,0,0,0,0,0,0,1,0,231,3,11,25,0,0,TE,22,14
Terrel Bernard,BUF,0,0,0,0,0,0,0,0,0,0,0,0,0,0,1,0,LB,26,12
Terrell Burgess,NOR,0,0,0,0,0,0,0,0,0,0,0,0,0,0,0,0,S,27,16
Terrell Jennings,NWE,0,0,0,0,0,0,73,1,23,0,9,0,1,1,0,0,RB,24,7
Terrion Arnold,DET,0,0,0,0,0,0,0,0,0,0,0,0,0,0,1,0,CB,22,8
Terry McLaurin,WAS,0,0,0,0,0,0,0,0,0,0,582,3,38,60,0,0,WR,30,10
Tershawn Wharton,CAR,0,0,0,0,0,0,0,0,0,0,0,0,0,0,0,0,DT,27,9
Tetairoa McMillan,CAR,0,0,0,0,0,0,0,0,0,1,1014,7,70,122,0,0,WR,22,17
Tez Johnson,TAM,0,0,0,0,0,0,22,0,7,0,322,5,28,44,0,0,WR,23,16
Theo Jackson,MIN,0,0,0,0,0,0,0,0,0,0,0,0,0,0,0,0,S,27,14
Theo Johnson,NYG,0,0,0,0,0,0,0,0,0,0,528,5,45,74,0,0,TE,24,15
Theo Wease,MIA,0,0,0,0,0,0,0,0,0,0,139,1,6,10,0,0,WR,24,3
Thomas Booker,LVR,0,0,0,0,0,0,0,0,0,0,0,0,0,0,0,0,DT,26,17
Thomas Fidone,NYG,0,0,0,0,0,0,0,0,0,0,0,0,0,0,0,0,TE,23,7
Thomas Harper,DET,0,0,0,0,0,0,0,0,0,0,0,0,0,0,1,0,S,25,12
Thomas Hennessy,NYJ,0,0,0,0,0,0,0,0,0,0,0,0,0,0,0,0,LS,31,17
Thomas Incoom,CAR,0,0,0,0,0,0,0,0,0,0,0,0,0,0,0,0,OLB,26,17
Tim Jones,JAX,0,0,0,0,0,0,0,0,0,0,15,0,1,1,0,0,WR,27,2
Tim Patrick,JAX,0,0,0,0,0,0,0,0,0,0,187,3,15,24,0,0,WR,32,16
Tim Settle,HOU,0,0,0,0,0,0,0,0,0,0,0,0,0,0,0,0,DT,28,12
Tip Reiman,ARI,0,0,0,0,0,0,0,0,0,0,18,0,3,5,0,0,TE,24,4
Tom Kennedy,DET,0,0,0,0,0,0,0,0,0,0,36,0,4,4,0,0,WR,29,6
Tommy Eichenberg,LVR,0,0,0,0,0,0,0,0,0,0,0,0,0,0,0,0,LB,24,17
Tommy Togiai,HOU,0,0,0,0,0,0,0,0,0,0,0,0,0,0,0,0,DT,26,15
Tommy Tremble,CAR,0,0,0,0,0,0,0,0,0,0,249,2,27,37,0,0,TE,25,17
Tomon Fox,NYG,0,0,0,0,0,0,0,0,0,0,0,0,0,0,0,0,OLB,27,9
Tonka Hemingway,LVR,0,0,0,0,0,0,0,0,0,0,0,0,0,0,0,0,DT,24,9
Tony Adams,NYJ,0,0,0,0,0,0,0,0,0,0,0,0,0,0,0,0,S,26,12
Tony Jefferson,LAC,0,0,0,0,0,0,0,0,0,0,0,0,0,0,4,0,S,33,13
Tony Pollard,TEN,0,0,0,0,0,0,1082,5,242,4,206,0,33,41,0,0,RB,28,17
Tory Horton,SEA,0,0,0,0,0,0,0,0,0,0,161,5,13,22,0,0,WR,23,8
Tory Taylor,CHI,0,0,0,0,0,0,0,0,0,0,0,0,0,0,0,0,P,28,17
Travis Etienne,JAX,0,0,0,0,0,0,1107,7,260,1,292,6,36,52,0,0,RB,26,17
Travis Homer,CHI,0,0,0,0,0,0,-2,0,1,0,0,0,0,0,0,0,RB,27,10
Travis Hunter,JAX,0,0,0,0,0,0,0,0,1,1,298,1,28,45,0,0,WR,22,7
Travis Jones,BAL,0,0,0,0,0,0,0,0,0,0,0,0,0,0,0,0,DL,26,16
Travis Kelce,KAN,0,0,0,0,0,0,1,0,1,1,851,5,76,108,0,0,TE,36,17
Travis Vokolek,ARI,0,0,0,0,0,0,0,0,0,0,0,0,0,0,0,0,TE,27,5
Travon Walker,JAX,0,0,0,0,0,0,0,0,0,0,0,0,0,0,0,0,DE,25,14
Trayveon Williams,2TM,0,0,0,0,0,0,36,0,10,0,55,0,8,9,0,0,RB,28,7
Tre Avery,CLE,0,0,0,0,0,0,0,0,0,0,0,0,0,0,0,0,CB,28,10
Tre Brown,NYJ,0,0,0,0,0,0,0,0,0,0,0,0,0,0,0,0,CB,28,5
Tre Harris,LAC,0,0,0,0,0,0,10,0,2,0,324,1,30,43,0,0,WR,23,17
Tre Tucker,LVR,0,0,0,0,0,0,51,0,11,0,696,5,57,92,0,0,WR,24,17
Tre'Davious White,BUF,0,0,0,0,0,0,0,0,0,0,0,0,0,0,1,0,CB,30,16
Tre'von Moehrig,CAR,0,0,0,0,0,0,0,0,0,0,0,0,0,0,1,0,S,26,16
TreVeyon Henderson,NWE,0,0,0,0,0,0,911,9,180,1,221,1,35,42,0,0,RB,23,17
Tremaine Edmunds,CHI,0,0,0,0,0,0,0,0,0,0,0,0,0,0,4,0,LB,27,13
Tremon Smith,HOU,0,0,0,0,0,0,0,0,0,0,0,0,0,0,0,0,CB,29,17
Trent McDuffie,KAN,0,0,0,0,0,0,0,0,0,0,0,0,0,0,1,0,CB,25,13
Trent Sherfield,2TM,0,0,0,0,0,0,0,0,0,0,21,0,3,5,0,0,WR,29,12
Trent Sieg,DAL,0,0,0,0,0,0,0,0,0,0,0,0,0,0,0,0,LS,30,17
Trenton Simpson,BAL,0,0,0,0,0,0,0,0,0,0,0,0,0,0,0,0,LB,24,17
Trevian Thomas,CAR,0,0,0,0,0,0,0,0,0,0,0,0,0,0,0,0,S,23,1
Trevin Wallace,CAR,0,0,0,0,0,0,0,0,0,0,0,0,0,0,0,0,LB,22,12
Trevis Gipson,2TM,0,0,0,0,0,0,0,0,0,0,0,0,0,0,0,0,OLB,28,13
Trevon Diggs,2TM,0,0,0,0,0,0,0,0,0,0,0,0,0,0,0,0,CB,27,9
Trevor Etienne,CAR,0,0,0,0,0,0,94,0,20,2,13,0,3,3,0,0,RB,21,17
Trevor Lawrence,JAX,4007,29,560,341,12,41,359,9,82,5,0,0,0,0,0,0,QB,26,17
Trevor Nowaske,DET,0,0,0,0,0,0,0,0,0,0,0,0,0,0,0,0,LB,27,15
Trevor Penning,LAC,0,0,0,0,0,0,0,0,0,0,0,0,0,1,0,0,OT,26,7
Trey Amos,WAS,0,0,0,0,0,0,0,0,0,0,0,0,0,0,0,0,CB,23,10
Trey Benson,ARI,0,0,0,0,0,0,160,0,29,0,64,0,13,16,0,0,RB,23,4
Trey Hendrickson,CIN,0,0,0,0,0,0,0,0,0,0,0,0,0,0,0,0,DE,31,7
Trey Lance,LAC,226,0,57,27,1,6,85,0,17,1,0,0,0,0,0,0,QB,25,4
Trey McBride,ARI,0,0,0,0,0,0,0,0,0,0,1239,11,126,169,0,0,TE,26,17
Trey Sermon,PIT,0,0,0,0,0,0,0,0,0,0,0,0,0,0,0,0,RB,26,4
Trey Smith,KAN,0,0,0,0,0,0,0,0,0,0,0,0,0,0,0,0,G,26,12
Trey Washington,IND,0,0,0,0,0,0,0,0,0,0,0,0,0,0,0,0,S,23,4
Treylon Burks,WAS,0,0,0,0,0,1,0,0,0,0,130,1,10,22,0,0,WR,25,8
Trikweze Bridges,DAL,0,0,0,0,0,0,0,0,0,0,0,0,0,0,1,0,CB,25,16
Tristan Wirfs,TAM,0,0,0,0,0,0,0,0,0,0,2,1,1,1,0,0,T,26,12
Tristin McCollum,LVR,0,0,0,0,0,0,0,0,0,0,0,0,0,0,0,0,S,26,16
Troy Dye,LAC,0,0,0,0,0,0,0,0,0,0,0,0,0,0,0,0,LB,29,16
Troy Franklin,DEN,0,0,0,0,0,0,12,0,5,1,709,6,65,104,0,0,WR,22,17
Troy Reeder,LAR,0,0,0,0,0,0,0,0,0,0,0,0,0,0,0,0,LB,31,17
Truman Jones,TEN,0,0,0,0,0,0,0,0,0,0,0,0,0,0,0,0,OLB,25,9
Tua Tagovailoa,MIA,2660,20,384,260,15,30,43,0,20,8,0,0,0,0,0,0,QB,27,14
Tucker Fisk,LAC,0,0,0,0,0,0,0,0,0,0,19,0,2,4,0,0,TE,26,10
Tucker Kraft,GNB,0,0,0,0,0,0,3,0,1,0,489,6,32,44,0,0,TE,25,8
Tuli Tuipulotu,LAC,0,0,0,0,0,0,0,0,0,0,0,0,0,0,0,0,OLB,23,16
Tutu Atwell,LAR,0,0,0,0,0,0,0,0,0,0,192,1,6,15,0,0,WR,26,10
Ty Chandler,MIN,0,0,0,0,0,0,47,0,17,0,11,0,3,4,0,0,RB,27,3
Ty Hamilton,LAR,0,0,0,0,0,0,0,0,0,0,0,0,0,0,0,0,DT,23,14
Ty Johnson,BUF,0,0,0,0,0,0,200,3,50,1,263,2,24,33,0,0,RB,28,17
Ty Okada,SEA,0,0,0,0,0,0,0,0,0,0,0,0,0,0,1,0,FS,26,17
Ty Robinson,PHI,0,0,0,0,0,0,0,0,0,0,0,0,0,0,0,0,DT,24,11
Ty Summers,DET,0,0,0,0,0,0,0,0,0,0,0,0,0,0,0,0,LB,30,5
Ty'Ron Hopper,GNB,0,0,0,0,0,0,0,0,0,0,0,0,0,0,0,0,LB,24,17
Tycen Anderson,CIN,0,0,0,0,0,0,0,0,0,0,0,0,0,0,0,0,S,26,17
Tyjae Spears,TEN,0,0,0,0,0,0,283,2,72,0,264,0,45,50,0,0,RB,24,13
Tykee Smith,TAM,0,0,0,0,0,0,0,0,0,0,0,0,0,0,1,0,S,24,16
Tylan Wallace,BAL,0,0,0,0,0,0,0,0,0,0,45,1,4,8,0,0,WR,26,14
Tyleik Williams,DET,0,0,0,0,0,0,0,0,0,0,0,0,0,0,0,0,DT,22,17
Tyler Allgeier,ATL,0,0,0,0,0,0,514,8,143,0,96,0,14,16,0,0,RB,25,17
Tyler Badie,DEN,0,0,0,0,0,0,23,0,8,0,141,0,19,31,0,0,RB,25,16
Tyler Baron,NYJ,0,0,0,0,0,0,0,0,0,0,0,0,0,0,0,0,DL,24,6
Tyler Batty,MIN,0,0,0,0,0,0,0,0,0,0,0,0,0,0,0,0,OLB,26,12
Tyler Conklin,LAC,0,0,0,0,0,0,2,0,1,1,101,0,7,10,0,0,TE,30,13
Tyler Davis,LAR,0,0,0,0,0,0,0,0,0,0,0,0,0,0,0,0,DE,25,17
Tyler Goodson,IND,0,0,0,0,0,0,24,0,9,0,8,0,2,3,0,0,RB,25,11
Tyler Higbee,LAR,0,0,0,0,0,0,0,0,0,0,281,3,25,36,0,0,TE,32,10
Tyler Huntley,BAL,426,2,67,52,0,8,151,0,24,0,0,0,0,0,0,0,QB,27,5
Tyler Johnson,NYJ,0,0,0,0,0,0,0,0,0,0,197,1,12,18,0,0,WR,27,12
Tyler Lacy,DET,0,0,0,0,0,0,0,0,0,0,0,0,0,0,0,0,DT,26,10
Tyler Lockett,2TM,0,0,0,0,0,0,0,0,0,0,291,1,32,55,0,0,WR,33,17
Tyler Lockett,TEN,0,0,0,0,0,0,0,0,0,0,0,0,0,0,0,0,WR,33,7
Tyler Loop,BAL,0,0,0,0,0,0,0,0,0,0,0,0,0,0,0,0,K,24,17
Tyler Nubin,NYG,0,0,0,0,0,0,0,0,0,0,0,0,0,0,0,0,S,24,13
Tyler Owens,WAS,0,0,0,0,0,0,0,0,0,0,0,0,0,0,0,0,S,24,17
Tyler Shough,NOR,2384,10,327,221,6,31,186,3,45,3,0,0,0,0,0,0,QB,26,11
Tyler Smith,DAL,0,0,0,0,0,0,0,0,0,0,0,0,0,0,0,0,OL,24,16
Tyler Warren,IND,0,0,1,0,0,0,8,1,6,1,817,4,76,112,0,0,TE,23,17
Tyquan Lewis,IND,0,0,0,0,0,0,0,0,0,0,0,0,0,0,0,0,DE,30,13
Tyquan Thornton,KAN,0,0,0,0,0,0,0,0,0,0,438,3,19,37,0,0,WR,25,14
Tyree Wilson,LVR,0,0,0,0,0,0,0,0,0,0,0,0,0,0,0,0,DE,25,17
Tyreek Hill,MIA,0,0,0,0,0,0,0,0,0,0,265,1,21,29,0,0,WR,31,4
Tyrel Dodson,MIA,0,0,0,0,0,0,0,0,0,0,0,0,0,0,1,0,LB,27,16
Tyrell Shavers,BUF,0,0,0,0,0,0,0,0,0,0,245,1,15,23,0,0,WR,26,17
Tyrice Knight,SEA,0,0,0,0,0,0,0,0,0,0,0,0,0,0,0,0,LB,25,16
Tyrion Ingram-Dawkins,MIN,0,0,0,0,0,0,0,0,0,0,0,0,0,0,0,0,DL,22,14
Tyrique Stevenson,CHI,0,0,0,0,0,0,0,0,0,0,0,0,0,0,1,0,DB,25,13
Tyrod Taylor,NYJ,779,5,134,80,5,14,143,1,27,1,0,0,0,0,0,0,QB,36,6
Tyrone Tracy Jr.,NYG,0,0,0,0,0,0,740,2,176,1,288,2,36,48,0,0,RB,26,15
Tyrus Wheat,DET,0,0,0,0,0,0,0,0,0,0,0,0,0,0,0,0,DE,26,15
Tyson Bagent,CHI,47,0,4,3,0,0,7,0,2,1,0,0,0,0,0,0,QB,25,3
Tyson Campbell,2TM,0,0,0,0,0,0,0,0,0,0,0,0,0,0,1,0,CB,25,17
Uchenna Nwosu,SEA,0,0,0,0,0,0,0,0,0,0,0,0,0,0,0,0,LB,29,16
Ulysses Bentley,IND,0,0,0,0,0,0,0,0,1,0,0,0,0,0,0,0,RB,25,1
Upton Stout,SFO,0,0,0,0,0,0,0,0,0,0,0,0,0,0,0,0,CB,23,16
Van Jefferson,TEN,0,0,0,0,0,0,0,0,0,0,350,1,29,52,0,0,WR,29,16
Velus Jones Jr.,2TM,0,0,0,0,0,0,0,0,0,0,0,0,0,0,0,0,RB,28,8
Velus Jones Jr.,SEA,0,0,0,0,0,0,32,0,4,0,0,0,0,0,0,0,RB,28,3
Ventrell Miller,JAX,0,0,0,0,0,0,0,0,0,0,0,0,0,0,1,0,LB,26,17
Vernon Broughton,NOR,0,0,0,0,0,0,0,0,0,0,0,0,0,0,0,0,DT,24,1
Victor Dimukeje,NYG,0,0,0,0,0,0,0,0,0,0,0,0,0,0,0,0,OLB,26,5
Vita Vea,TAM,0,0,0,0,0,0,0,0,0,0,0,0,0,0,0,0,NT,30,17
Von Miller,WAS,0,0,0,0,0,0,0,0,0,0,0,0,0,0,0,0,LB,36,17
Walter Nolen,ARI,0,0,0,0,0,0,0,0,0,0,0,0,0,0,0,0,DL,22,6
Wan'Dale Robinson,NYG,0,0,0,0,0,0,5,0,3,1,1014,4,92,140,0,0,WR,24,16
Warren Brinson,GNB,0,0,0,0,0,0,0,0,0,0,0,0,0,0,0,0,DL,23,11
Will Anderson,HOU,0,0,0,0,0,0,0,0,0,0,0,0,0,0,0,0,DE,24,17
Will Campbell,NWE,0,0,0,0,0,0,0,0,0,0,0,0,0,0,0,0,OT,21,13
Will Dissly,LAC,0,0,0,0,0,0,0,0,0,0,97,0,11,16,0,0,TE,29,9
Will Harris,WAS,0,0,0,0,0,0,0,0,0,0,0,0,0,0,0,0,FS,30,9
Will Johnson,ARI,0,0,0,0,0,0,0,0,0,0,0,0,0,0,0,0,CB,22,12
Will Mallory,IND,0,0,0,0,0,0,0,0,0,0,16,0,1,1,0,0,TE,26,2
Will McDonald,NYJ,0,0,0,0,0,0,0,0,0,0,0,0,0,0,0,0,DE,26,15
Will Reichard,MIN,0,0,0,0,0,0,0,0,0,0,0,0,0,0,0,0,K,24,17
Will Shipley,PHI,0,0,0,0,0,0,49,0,14,1,56,0,9,12,0,0,RB,23,15
William Wagner,CIN,0,0,0,0,0,0,0,0,0,0,0,0,0,0,0,0,LS,25,17
Willie Gay Jr.,MIA,0,0,0,0,0,0,0,0,0,0,0,0,0,0,0,0,LB,27,17
Woody Marks,HOU,0,0,0,0,0,0,703,2,196,1,208,3,24,36,0,0,RB,25,16
Wyatt Teller,CLE,0,0,0,0,0,0,0,0,0,0,0,0,0,0,0,0,G,31,13
Xavien Howard,IND,0,0,0,0,0,0,0,0,0,0,0,0,0,0,0,0,CB,32,4
Xavier Gipson,2TM,0,0,0,0,0,0,0,0,0,0,0,0,0,0,0,0,WR,24,6
Xavier Gipson,PHI,0,0,0,0,0,0,0,0,0,2,6,0,2,2,0,0,WR,24,5
Xavier Hutchinson,HOU,0,0,0,0,0,0,22,0,3,0,428,3,35,57,0,0,WR,25,17
Xavier Legette,CAR,0,0,0,0,0,0,0,0,1,1,363,3,35,64,0,0,WR,24,15
Xavier McKinney,GNB,0,0,0,0,0,0,0,0,0,0,0,0,0,0,2,0,S,27,16
Xavier Restrepo,TEN,0,0,0,0,0,0,0,0,0,0,41,0,3,7,0,0,WR,23,2
Xavier Smith,LAR,0,0,0,0,0,0,0,0,0,0,303,0,18,24,0,0,WR,28,16
Xavier Watts,ATL,0,0,0,0,0,0,0,0,0,0,0,0,0,0,5,0,S,24,17
Xavier Weaver,ARI,0,0,0,0,0,0,0,0,0,0,67,0,7,13,0,0,WR,25,10
Xavier Woods,TEN,0,0,0,0,0,0,0,0,0,0,0,0,0,0,2,0,S,30,11
Xavier Worthy,KAN,0,0,0,0,0,0,87,0,11,0,532,1,42,73,0,0,WR,22,14
YaYa Diaby,TAM,0,0,0,0,0,0,0,0,0,0,0,0,0,0,0,0,OLB,26,17
Yahya Black,PIT,0,0,0,0,0,0,0,0,0,0,0,0,0,0,0,0,DE,23,17
Yasir Abdullah,JAX,0,0,0,0,0,0,0,0,0,0,0,0,0,0,0,0,LB,25,10
Yetur Gross-Matos,SFO,0,0,0,0,0,0,0,0,0,0,0,0,0,0,0,0,DL,27,8
Younghoe Koo,2TM,0,0,0,0,0,0,0,0,0,0,0,0,0,0,0,0,K,31,6
Za'Darius Smith,PHI,0,0,0,0,0,0,0,0,0,0,0,0,0,0,0,0,OLB,33,5
Zacch Pickens,KAN,0,0,0,0,0,0,0,0,0,0,0,0,0,0,0,0,DT,25,3
Zach Allen,DEN,0,0,0,0,0,0,0,0,0,0,0,0,0,0,0,0,DL,28,17
Zach Charbonnet,SEA,0,0,0,0,0,0,730,12,184,0,144,0,20,24,0,0,RB,24,16
Zach Cunningham,DET,0,0,0,0,0,0,0,0,0,0,0,0,0,0,0,0,LB,31,4
Zach Ertz,WAS,0,0,0,0,0,0,0,0,0,1,504,4,50,72,0,0,TE,35,13
Zach Frazier,PIT,0,0,0,0,0,0,0,0,0,0,0,0,0,0,0,0,C,24,17
Zach Harrison,ATL,0,0,0,0,0,0,0,0,0,0,0,0,0,0,0,0,DL,24,7
Zach Sieler,MIA,0,0,0,0,0,0,0,0,0,0,0,0,0,0,0,0,DT,30,17
Zach Wilson,MIA,32,0,11,6,0,0,1,0,3,0,0,0,0,0,0,0,QB,26,4
Zach Wood,NOR,0,0,0,0,0,0,0,0,0,0,0,0,0,0,0,0,LS,32,17
Zachary Carter,ARI,0,0,0,0,0,0,0,0,0,0,0,0,0,0,0,0,DT,26,4
Zack Baun,PHI,0,0,0,0,0,0,0,0,0,0,0,0,0,0,2,0,LB,29,16
Zaire Barnes,NYG,0,0,0,0,0,0,0,0,0,0,0,0,0,0,0,0,LB,26,11
Zaire Franklin,IND,0,0,0,0,0,0,0,0,0,0,0,0,0,0,0,0,LB,29,17
Zaire Mitchell-Paden,2TM,0,0,0,0,0,0,0,0,0,0,17,0,2,3,0,0,TE,26,8
Zamir White,LVR,0,0,0,0,0,0,32,0,12,0,24,0,4,6,0,0,RB,26,6
Zaven Collins,ARI,0,0,0,0,0,0,0,0,0,0,0,0,0,0,0,0,OLB,26,17
Zavier Scott,MIN,0,0,0,0,0,0,114,0,32,2,98,1,14,16,0,0,RB,26,16
Zay Flowers,BAL,0,0,0,0,0,0,62,1,10,3,1211,5,86,118,0,0,WR,25,17
Zay Jones,ARI,0,0,0,0,0,0,0,0,0,0,183,0,12,18,0,0,WR,30,8
Zayne Anderson,GNB,0,0,0,0,0,0,0,0,0,0,0,0,0,0,0,0,S,28,14
Zeek Biggers,MIA,0,0,0,0,0,0,0,0,0,0,0,0,0,0,0,0,DT,22,9
Zion Childress,DAL,0,0,0,0,0,0,0,0,0,0,0,0,0,0,0,0,CB,23,3
Zion Logue,BUF,0,0,0,0,0,0,0,0,0,0,0,0,0,0,0,0,DT,24,3
Zonovan Knight,ARI,0,0,0,0,0,0,269,4,82,1,160,1,22,31,0,0,RB,24,12
Zyon McCollum,TAM,0,0,0,0,0,0,0,0,0,0,0,0,0,0,1,0,CB,26,13
